schema_version,catalog,run_index,run_seed,target_index,abort_ordinal,status,dv_mag_m_per_s,dv_second_burn_m_per_s,coast_min_range_m,bounded_min_range_m,clearance_m,keep_out_radius_m,clear_margin_m
1.1,SL-16 / Zenit-2 second stage,1,4509949166606829195,1,1,Clean,0.085976,0.000000,332.4001,332.3999,132.4001,200.0,20.0
1.1,SL-16 / Zenit-2 second stage,5,17802606405992055846,0,1,Clean,0.019092,0.000000,332.9848,332.9848,132.9848,200.0,20.0
1.1,SL-16 / Zenit-2 second stage,5,17802606405992055846,3,2,Clean,0.036480,0.000000,388.7981,388.7981,188.7981,200.0,20.0
1.1,SL-16 / Zenit-2 second stage,10,6166372649272462251,1,1,Clean,0.091699,0.000000,278.1737,278.1736,78.1737,200.0,20.0
1.1,SL-16 / Zenit-2 second stage,11,13021235920180573867,3,1,Clean,0.038334,0.000000,344.1586,344.1586,144.1586,200.0,20.0
1.1,SL-16 / Zenit-2 second stage,13,9076889411656863681,3,1,Clean,0.144917,0.000000,280.3759,280.3755,80.3759,200.0,20.0
1.1,SL-16 / Zenit-2 second stage,14,13862699591278239800,0,1,Clean,0.041342,0.000000,437.4246,437.4245,237.4246,200.0,20.0
1.1,SL-16 / Zenit-2 second stage,14,13862699591278239800,2,2,Clean,0.033845,0.000000,383.5484,383.5484,183.5484,200.0,20.0
1.1,SL-16 / Zenit-2 second stage,18,9978189828435000231,1,1,Clean,0.102225,0.000000,307.2678,307.2674,107.2678,200.0,20.0
1.1,SL-16 / Zenit-2 second stage,18,9978189828435000231,3,2,Clean,0.139862,0.000000,304.5921,304.5918,104.5921,200.0,20.0
1.1,SL-16 / Zenit-2 second stage,21,2316318612580630544,2,1,Clean,0.045066,0.000000,413.3835,413.3835,213.3835,200.0,20.0
1.1,SL-16 / Zenit-2 second stage,23,1173233666476504275,1,1,Clean,0.066346,0.000000,382.6568,382.6568,182.6568,200.0,20.0
1.1,SL-16 / Zenit-2 second stage,25,16530836821666418801,2,1,Clean,0.085143,0.000000,337.2447,337.2447,137.2447,200.0,20.0
1.1,SL-16 / Zenit-2 second stage,28,7663414181476348310,0,1,Clean,0.031472,0.000000,451.9592,451.9592,251.9592,200.0,20.0
1.1,SL-16 / Zenit-2 second stage,29,2149902474123761025,1,1,Clean,0.165926,0.000000,279.8796,279.8793,79.8796,200.0,20.0
1.1,SL-16 / Zenit-2 second stage,29,2149902474123761025,2,2,Clean,0.100395,0.000000,293.5176,293.5175,93.5176,200.0,20.0
1.1,SL-16 / Zenit-2 second stage,30,11917562771546009970,1,1,Clean,0.036571,0.000000,370.1127,370.1125,170.1127,200.0,20.0
1.1,SL-16 / Zenit-2 second stage,33,10731416841479795511,0,1,Clean,0.048947,0.000000,343.1788,343.1787,143.1788,200.0,20.0
1.1,SL-16 / Zenit-2 second stage,37,13776217853909409507,1,1,Clean,0.014368,0.000000,295.7951,295.7950,95.7951,200.0,20.0
1.1,SL-16 / Zenit-2 second stage,42,12890856859686690406,2,1,Clean,0.035095,0.000000,368.2078,368.2077,168.2078,200.0,20.0
1.1,SL-16 / Zenit-2 second stage,42,12890856859686690406,3,2,Clean,0.094718,0.000000,331.1902,331.1899,131.1902,200.0,20.0
1.1,SL-16 / Zenit-2 second stage,43,16468836231613836707,2,1,Clean,0.026473,0.000000,324.1025,324.1024,124.1025,200.0,20.0
1.1,SL-16 / Zenit-2 second stage,44,15735058188896212855,1,1,Clean,0.099333,0.000000,315.0429,315.0426,115.0429,200.0,20.0
1.1,SL-16 / Zenit-2 second stage,45,8828473518285989771,3,1,Clean,0.134592,0.000000,295.2682,295.2681,95.2682,200.0,20.0
1.1,SL-16 / Zenit-2 second stage,46,6934621900994049189,2,1,Clean,0.042651,0.000000,321.2523,321.2522,121.2523,200.0,20.0
1.1,SL-16 / Zenit-2 second stage,47,16565407989456938524,2,1,Clean,0.037074,0.000000,333.6922,333.6922,133.6922,200.0,20.0
1.1,SL-16 / Zenit-2 second stage,49,15781176491210676740,1,1,Clean,0.053859,0.000000,395.5552,395.5551,195.5552,200.0,20.0
1.1,SL-16 / Zenit-2 second stage,50,11928592836600525957,2,1,Clean,0.023690,0.000000,424.3605,424.3605,224.3605,200.0,20.0
1.1,SL-16 / Zenit-2 second stage,52,6688208535208038532,0,1,Clean,0.167730,0.000000,242.6578,242.6573,42.6578,200.0,20.0
1.1,SL-16 / Zenit-2 second stage,52,6688208535208038532,4,2,Clean,0.072323,0.000000,389.4152,389.4151,189.4152,200.0,20.0
1.1,SL-16 / Zenit-2 second stage,53,582982037263712551,1,1,Clean,0.145734,0.000000,368.7081,368.7080,168.7081,200.0,20.0
1.1,SL-16 / Zenit-2 second stage,58,5666149751478597523,2,1,Clean,0.134712,0.000000,258.8926,258.8925,58.8926,200.0,20.0
1.1,SL-16 / Zenit-2 second stage,60,15232541778929725597,3,1,Clean,0.016496,0.000000,270.5751,270.5751,70.5751,200.0,20.0
1.1,SL-16 / Zenit-2 second stage,61,5840668558270260583,2,1,Clean,0.055327,0.000000,374.5430,374.5429,174.5430,200.0,20.0
1.1,SL-16 / Zenit-2 second stage,64,17692318253955176355,2,1,Clean,0.106999,0.000000,328.7113,328.7112,128.7113,200.0,20.0
1.1,SL-16 / Zenit-2 second stage,65,4218636116879348243,3,1,BoundedClearing,0.223824,0.000000,220.2879,220.2874,20.2879,200.0,20.0
1.1,SL-16 / Zenit-2 second stage,71,405326743078254311,2,1,Clean,0.053485,0.000000,274.1336,274.1335,74.1336,200.0,20.0
1.1,SL-16 / Zenit-2 second stage,72,9649824080808763584,2,1,Clean,0.101553,0.000000,269.7170,269.7169,69.7170,200.0,20.0
1.1,SL-16 / Zenit-2 second stage,72,9649824080808763584,3,2,Clean,0.030624,0.000000,452.6998,452.6998,252.6998,200.0,20.0
1.1,SL-16 / Zenit-2 second stage,73,3759141472531835805,2,1,Clean,0.150827,0.000000,254.5290,254.5285,54.5290,200.0,20.0
1.1,SL-16 / Zenit-2 second stage,76,11492376177133733913,3,1,BoundedClearing,0.158425,0.000000,220.0174,220.0176,20.0174,200.0,20.0
1.1,SL-16 / Zenit-2 second stage,77,13512968684566167183,0,1,Clean,0.025461,0.000000,353.4743,353.4742,153.4743,200.0,20.0
1.1,SL-16 / Zenit-2 second stage,77,13512968684566167183,2,2,Clean,0.065649,0.000000,322.7106,322.7106,122.7106,200.0,20.0
1.1,SL-16 / Zenit-2 second stage,77,13512968684566167183,4,3,Clean,0.086161,0.000000,383.6733,383.6731,183.6733,200.0,20.0
1.1,SL-16 / Zenit-2 second stage,80,13074292588824274329,0,1,Clean,0.076576,0.000000,380.1877,380.1877,180.1877,200.0,20.0
1.1,SL-16 / Zenit-2 second stage,80,13074292588824274329,4,2,Clean,0.062270,0.000000,365.4077,365.4075,165.4077,200.0,20.0
1.1,SL-16 / Zenit-2 second stage,81,7864597222031823188,0,1,BoundedClearing,0.148509,0.000000,220.0053,220.0053,20.0053,200.0,20.0
1.1,SL-16 / Zenit-2 second stage,81,7864597222031823188,4,2,Clean,0.016278,0.000000,381.6636,381.6635,181.6636,200.0,20.0
1.1,SL-16 / Zenit-2 second stage,82,12300583177117505883,2,1,Clean,0.092020,0.000000,261.3309,261.3307,61.3309,200.0,20.0
1.1,SL-16 / Zenit-2 second stage,83,2477134077939330272,0,1,Clean,0.050537,0.000000,352.6131,352.6130,152.6131,200.0,20.0
1.1,SL-16 / Zenit-2 second stage,83,2477134077939330272,2,2,Clean,0.089560,0.000000,310.4223,310.4222,110.4223,200.0,20.0
1.1,SL-16 / Zenit-2 second stage,83,2477134077939330272,3,3,Clean,0.062827,0.000000,328.8519,328.8518,128.8519,200.0,20.0
1.1,SL-16 / Zenit-2 second stage,85,2065512311143520054,2,1,Clean,0.091789,0.000000,341.3877,341.3876,141.3877,200.0,20.0
1.1,SL-16 / Zenit-2 second stage,86,5487207542905606544,0,1,Clean,0.072110,0.000000,291.2329,291.2328,91.2329,200.0,20.0
1.1,SL-16 / Zenit-2 second stage,86,5487207542905606544,1,2,BoundedClearing,0.209870,0.000000,220.0429,220.0423,20.0429,200.0,20.0
1.1,SL-16 / Zenit-2 second stage,86,5487207542905606544,3,3,Clean,0.060804,0.000000,325.1247,325.1246,125.1247,200.0,20.0
1.1,SL-16 / Zenit-2 second stage,86,5487207542905606544,4,4,Clean,0.024382,0.000000,290.3252,290.3252,90.3252,200.0,20.0
1.1,SL-16 / Zenit-2 second stage,87,11944056260078972491,0,1,Clean,0.055394,0.000000,366.1338,366.1336,166.1338,200.0,20.0
1.1,SL-16 / Zenit-2 second stage,87,11944056260078972491,2,2,Clean,0.061913,0.000000,354.4164,354.4164,154.4164,200.0,20.0
1.1,SL-16 / Zenit-2 second stage,89,13878170105977336037,2,1,Clean,0.035328,0.000000,361.4733,361.4733,161.4733,200.0,20.0
1.1,SL-16 / Zenit-2 second stage,93,14514128259078537273,3,1,Clean,0.027737,0.000000,367.1965,367.1965,167.1965,200.0,20.0
1.1,SL-16 / Zenit-2 second stage,93,14514128259078537273,4,2,Clean,0.067022,0.000000,374.9437,374.9436,174.9437,200.0,20.0
1.1,SL-16 / Zenit-2 second stage,99,13257898720493009632,2,1,Clean,0.121933,0.000000,272.7257,272.7254,72.7257,200.0,20.0
1.1,SL-16 / Zenit-2 second stage,102,1667672962936665593,2,1,Clean,0.059811,0.000000,365.3283,365.3283,165.3283,200.0,20.0
1.1,SL-16 / Zenit-2 second stage,105,12625334112616536214,0,1,Clean,0.052610,0.000000,387.4714,387.4712,187.4714,200.0,20.0
1.1,SL-16 / Zenit-2 second stage,105,12625334112616536214,2,2,Clean,0.077460,0.000000,305.7809,305.7808,105.7809,200.0,20.0
1.1,SL-16 / Zenit-2 second stage,106,8058031312347800671,0,1,Clean,0.025560,0.000000,388.5449,388.5449,188.5449,200.0,20.0
1.1,SL-16 / Zenit-2 second stage,111,949802968727291250,1,1,Clean,0.068202,0.000000,317.9853,317.9853,117.9853,200.0,20.0
1.1,SL-16 / Zenit-2 second stage,111,949802968727291250,3,2,Clean,0.065913,0.000000,358.0383,358.0382,158.0383,200.0,20.0
1.1,SL-16 / Zenit-2 second stage,112,4869064356932913602,2,1,Clean,0.099759,0.000000,348.4380,348.4378,148.4380,200.0,20.0
1.1,SL-16 / Zenit-2 second stage,112,4869064356932913602,3,2,BoundedClearing,0.212011,0.000000,220.0102,220.0093,20.0102,200.0,20.0
1.1,SL-16 / Zenit-2 second stage,113,3547233173118790054,2,1,Clean,0.116186,0.000000,358.5186,358.5186,158.5186,200.0,20.0
1.1,SL-16 / Zenit-2 second stage,114,8156631183730789862,1,1,Clean,0.062803,0.000000,330.7719,330.7717,130.7719,200.0,20.0
1.1,SL-16 / Zenit-2 second stage,115,7705783115901527847,0,1,Clean,0.030598,0.000000,362.3759,362.3758,162.3759,200.0,20.0
1.1,SL-16 / Zenit-2 second stage,115,7705783115901527847,3,2,Clean,0.013820,0.000000,558.6564,558.6564,358.6564,200.0,20.0
1.1,SL-16 / Zenit-2 second stage,117,7673873074129787569,3,1,Clean,0.102212,0.000000,233.0137,233.0136,33.0137,200.0,20.0
1.1,SL-16 / Zenit-2 second stage,124,4145096316383323169,2,1,Clean,0.063262,0.000000,331.7251,331.7250,131.7251,200.0,20.0
1.1,SL-16 / Zenit-2 second stage,127,12116939121646869343,0,1,Clean,0.017636,0.000000,366.6875,366.6875,166.6875,200.0,20.0
1.1,SL-16 / Zenit-2 second stage,129,8171985631827176249,2,1,Clean,0.044788,0.000000,317.2852,317.2851,117.2852,200.0,20.0
1.1,SL-16 / Zenit-2 second stage,132,6869194363286658211,0,1,Clean,0.025484,0.000000,309.8148,309.8148,109.8148,200.0,20.0
1.1,SL-16 / Zenit-2 second stage,132,6869194363286658211,1,2,Clean,0.128814,0.000000,279.4556,279.4551,79.4556,200.0,20.0
1.1,SL-16 / Zenit-2 second stage,134,17994738300078857970,0,1,Clean,0.115061,0.000000,299.8527,299.8524,99.8527,200.0,20.0
1.1,SL-16 / Zenit-2 second stage,135,7670221388760676414,0,1,Clean,0.103590,0.000000,339.7600,339.7597,139.7600,200.0,20.0
1.1,SL-16 / Zenit-2 second stage,137,13987724968575121178,1,1,Clean,0.114623,0.000000,297.6005,297.6002,97.6005,200.0,20.0
1.1,SL-16 / Zenit-2 second stage,139,17841329724785627149,2,1,Clean,0.049280,0.000000,442.7101,442.7101,242.7101,200.0,20.0
1.1,SL-16 / Zenit-2 second stage,143,18253132680232672755,1,1,Clean,0.145466,0.000000,222.0865,222.0860,22.0865,200.0,20.0
1.1,SL-16 / Zenit-2 second stage,143,18253132680232672755,3,2,Clean,0.038598,0.000000,414.9031,414.9031,214.9031,200.0,20.0
1.1,SL-16 / Zenit-2 second stage,144,4776348122659843257,1,1,Clean,0.096126,0.000000,342.4829,342.4828,142.4829,200.0,20.0
1.1,SL-16 / Zenit-2 second stage,146,18198490371044536194,0,1,Clean,0.070477,0.000000,271.9088,271.9087,71.9088,200.0,20.0
1.1,SL-16 / Zenit-2 second stage,149,13092157067828191713,1,1,Clean,0.044161,0.000000,312.6241,312.6240,112.6241,200.0,20.0
1.1,SL-16 / Zenit-2 second stage,151,10662404792466560696,2,1,Clean,0.122260,0.000000,242.5714,242.5712,42.5714,200.0,20.0
1.1,SL-16 / Zenit-2 second stage,155,3384152098910315570,1,1,Clean,0.094571,0.000000,375.6401,375.6400,175.6401,200.0,20.0
1.1,SL-16 / Zenit-2 second stage,157,13271749394867553721,0,1,Clean,0.018512,0.000000,398.4033,398.4033,198.4033,200.0,20.0
1.1,SL-16 / Zenit-2 second stage,157,13271749394867553721,2,2,Clean,0.131284,0.000000,314.5149,314.5148,114.5149,200.0,20.0
1.1,SL-16 / Zenit-2 second stage,160,4367625502129309555,0,1,Clean,0.140126,0.000000,272.5251,272.5250,72.5251,200.0,20.0
1.1,SL-16 / Zenit-2 second stage,160,4367625502129309555,2,2,Clean,0.042113,0.000000,419.0927,419.0927,219.0927,200.0,20.0
1.1,SL-16 / Zenit-2 second stage,164,5528761013904170873,0,1,Clean,0.076710,0.000000,406.2520,406.2519,206.2520,200.0,20.0
1.1,SL-16 / Zenit-2 second stage,164,5528761013904170873,4,2,Clean,0.053569,0.000000,363.2256,363.2254,163.2256,200.0,20.0
1.1,SL-16 / Zenit-2 second stage,167,7107555997794895490,0,1,Clean,0.021348,0.000000,303.1169,303.1169,103.1169,200.0,20.0
1.1,SL-16 / Zenit-2 second stage,170,9575883213296277648,1,1,Clean,0.030098,0.000000,342.2573,342.2573,142.2573,200.0,20.0
1.1,SL-16 / Zenit-2 second stage,170,9575883213296277648,3,2,Clean,0.108094,0.000000,329.7516,329.7512,129.7516,200.0,20.0
1.1,SL-16 / Zenit-2 second stage,174,8234481724357855408,1,1,Clean,0.063713,0.000000,420.5938,420.5937,220.5938,200.0,20.0
1.1,SL-16 / Zenit-2 second stage,175,17690322044766889126,1,1,Clean,0.078617,0.000000,257.8590,257.8589,57.8590,200.0,20.0
1.1,SL-16 / Zenit-2 second stage,176,8920935652788787831,0,1,Clean,0.039846,0.000000,364.3624,364.3623,164.3624,200.0,20.0
1.1,SL-16 / Zenit-2 second stage,177,15940997412261867189,0,1,Clean,0.088474,0.000000,247.1289,247.1288,47.1289,200.0,20.0
1.1,SL-16 / Zenit-2 second stage,177,15940997412261867189,2,2,Clean,0.048691,0.000000,350.2685,350.2685,150.2685,200.0,20.0
1.1,SL-16 / Zenit-2 second stage,182,1670771772007255678,2,1,Clean,0.026269,0.000000,335.7757,335.7756,135.7757,200.0,20.0
1.1,SL-16 / Zenit-2 second stage,182,1670771772007255678,3,2,Clean,0.089587,0.000000,314.7466,314.7464,114.7466,200.0,20.0
1.1,SL-16 / Zenit-2 second stage,182,1670771772007255678,4,3,Clean,0.093071,0.000000,303.3724,303.3723,103.3724,200.0,20.0
1.1,SL-16 / Zenit-2 second stage,184,7749447298642375502,3,1,Clean,0.103198,0.000000,356.4380,356.4379,156.4380,200.0,20.0
1.1,SL-16 / Zenit-2 second stage,185,11220679382091013833,3,1,Clean,0.071466,0.000000,345.2667,345.2667,145.2667,200.0,20.0
1.1,SL-16 / Zenit-2 second stage,187,10426977623381653398,1,1,Clean,0.100374,0.000000,299.6969,299.6968,99.6969,200.0,20.0
1.1,SL-16 / Zenit-2 second stage,190,16864125707900168331,0,1,Clean,0.059595,0.000000,366.0642,366.0642,166.0642,200.0,20.0
1.1,SL-16 / Zenit-2 second stage,191,1554125051933043714,2,1,Clean,0.057614,0.000000,395.6121,395.6119,195.6121,200.0,20.0
1.1,SL-16 / Zenit-2 second stage,194,14805019072573211961,2,1,Clean,0.038816,0.000000,422.6286,422.6286,222.6286,200.0,20.0
1.1,SL-16 / Zenit-2 second stage,195,8075635883141261427,0,1,Clean,0.086420,0.000000,242.0210,242.0207,42.0210,200.0,20.0
1.1,SL-16 / Zenit-2 second stage,196,4486869778840129727,0,1,Clean,0.114301,0.000000,306.5933,306.5930,106.5933,200.0,20.0
1.1,SL-16 / Zenit-2 second stage,196,4486869778840129727,2,2,Clean,0.087231,0.000000,352.2198,352.2194,152.2198,200.0,20.0
1.1,SL-16 / Zenit-2 second stage,197,10054881592757379785,0,1,Clean,0.042649,0.000000,417.1378,417.1377,217.1378,200.0,20.0
1.1,SL-16 / Zenit-2 second stage,200,3155556158683528400,1,1,Clean,0.098278,0.000000,254.2384,254.2383,54.2384,200.0,20.0
1.1,SL-16 / Zenit-2 second stage,200,3155556158683528400,3,2,Clean,0.045096,0.000000,439.8786,439.8785,239.8786,200.0,20.0
1.1,SL-16 / Zenit-2 second stage,202,4077043642203238609,1,1,Clean,0.006724,0.000000,312.3062,312.3062,112.3062,200.0,20.0
1.1,SL-16 / Zenit-2 second stage,203,10637261063243818079,1,1,Clean,0.082861,0.000000,364.4055,364.4053,164.4055,200.0,20.0
1.1,SL-16 / Zenit-2 second stage,204,14799367576393331446,0,1,Clean,0.037436,0.000000,441.0615,441.0615,241.0615,200.0,20.0
1.1,SL-16 / Zenit-2 second stage,206,17601238814372310654,0,1,Clean,0.023483,0.000000,371.3020,371.3019,171.3020,200.0,20.0
1.1,SL-16 / Zenit-2 second stage,208,5489551596980203656,0,1,Clean,0.081589,0.000000,284.7238,284.7235,84.7238,200.0,20.0
1.1,SL-16 / Zenit-2 second stage,210,3226135892801422906,0,1,Clean,0.072600,0.000000,387.1686,387.1684,187.1686,200.0,20.0
1.1,SL-16 / Zenit-2 second stage,210,3226135892801422906,3,2,Clean,0.026597,0.000000,330.3448,330.3448,130.3448,200.0,20.0
1.1,SL-16 / Zenit-2 second stage,214,12587257099267870657,3,1,Clean,0.048322,0.000000,405.5952,405.5951,205.5952,200.0,20.0
1.1,SL-16 / Zenit-2 second stage,215,11779131331616995485,2,1,Clean,0.029547,0.000000,368.8089,368.8089,168.8089,200.0,20.0
1.1,SL-16 / Zenit-2 second stage,218,13896632234930810582,2,1,Clean,0.063382,0.000000,390.8719,390.8718,190.8719,200.0,20.0
1.1,SL-16 / Zenit-2 second stage,218,13896632234930810582,3,2,Clean,0.018933,0.000000,397.8489,397.8488,197.8489,200.0,20.0
1.1,SL-16 / Zenit-2 second stage,222,11098807580456854598,2,1,Clean,0.054250,0.000000,336.9180,336.9179,136.9180,200.0,20.0
1.1,SL-16 / Zenit-2 second stage,222,11098807580456854598,4,2,Clean,0.124484,0.000000,333.4220,333.4219,133.4220,200.0,20.0
1.1,SL-16 / Zenit-2 second stage,225,16142011334277548782,1,1,Clean,0.095010,0.000000,260.9374,260.9371,60.9374,200.0,20.0
1.1,SL-16 / Zenit-2 second stage,225,16142011334277548782,3,2,Clean,0.053453,0.000000,325.5126,325.5125,125.5126,200.0,20.0
1.1,SL-16 / Zenit-2 second stage,228,953772273610369001,0,1,Clean,0.090602,0.000000,385.2823,385.2822,185.2823,200.0,20.0
1.1,SL-16 / Zenit-2 second stage,232,6188658767605349674,2,1,Clean,0.051329,0.000000,366.1928,366.1928,166.1928,200.0,20.0
1.1,SL-16 / Zenit-2 second stage,233,15353279041863467294,2,1,Clean,0.051918,0.000000,344.2681,344.2681,144.2681,200.0,20.0
1.1,SL-16 / Zenit-2 second stage,234,15811483929120572264,0,1,Clean,0.070624,0.000000,364.7568,364.7567,164.7568,200.0,20.0
1.1,SL-16 / Zenit-2 second stage,234,15811483929120572264,4,2,Clean,0.072325,0.000000,325.8072,325.8069,125.8072,200.0,20.0
1.1,SL-16 / Zenit-2 second stage,239,16961107358293062352,1,1,Clean,0.187680,0.000000,267.3070,267.3065,67.3070,200.0,20.0
1.1,SL-16 / Zenit-2 second stage,240,6607952999734016911,0,1,Clean,0.061964,0.000000,307.6603,307.6602,107.6603,200.0,20.0
1.1,SL-16 / Zenit-2 second stage,242,6110909572389015657,0,1,Clean,0.061917,0.000000,328.6711,328.6710,128.6711,200.0,20.0
1.1,SL-16 / Zenit-2 second stage,243,6151929363974725934,2,1,Clean,0.053100,0.000000,327.3025,327.3024,127.3025,200.0,20.0
1.1,SL-16 / Zenit-2 second stage,243,6151929363974725934,4,2,Clean,0.021587,0.000000,361.8703,361.8703,161.8703,200.0,20.0
1.1,SL-16 / Zenit-2 second stage,244,16463238388540939222,1,1,Clean,0.043495,0.000000,375.5664,375.5664,175.5664,200.0,20.0
1.1,SL-16 / Zenit-2 second stage,247,2320823591091422948,2,1,Clean,0.039849,0.000000,351.1731,351.1731,151.1731,200.0,20.0
1.1,SL-16 / Zenit-2 second stage,253,8040475927144844137,3,1,Clean,0.127751,0.000000,282.8036,282.8032,82.8036,200.0,20.0
1.1,SL-16 / Zenit-2 second stage,257,6571218009930293,2,1,Clean,0.036304,0.000000,426.5103,426.5103,226.5103,200.0,20.0
1.1,SL-16 / Zenit-2 second stage,258,8979914127822139566,2,1,Clean,0.080616,0.000000,344.8213,344.8211,144.8213,200.0,20.0
1.1,SL-16 / Zenit-2 second stage,259,16636828291388881538,3,1,Clean,0.065393,0.000000,373.7325,373.7324,173.7325,200.0,20.0
1.1,SL-16 / Zenit-2 second stage,261,6535780063691586548,1,1,Clean,0.032697,0.000000,313.3606,313.3605,113.3606,200.0,20.0
1.1,SL-16 / Zenit-2 second stage,264,7992129092518274287,2,1,Clean,0.017861,0.000000,332.3453,332.3452,132.3453,200.0,20.0
1.1,SL-16 / Zenit-2 second stage,269,1888589630298391167,3,1,Clean,0.107180,0.000000,338.6699,338.6695,138.6699,200.0,20.0
1.1,SL-16 / Zenit-2 second stage,269,1888589630298391167,4,2,BoundedClearing,0.176929,0.000000,220.0064,220.0067,20.0064,200.0,20.0
1.1,SL-16 / Zenit-2 second stage,271,8510210834762820703,3,1,Clean,0.034448,0.000000,362.6462,362.6462,162.6462,200.0,20.0
1.1,SL-16 / Zenit-2 second stage,272,37359868583930705,3,1,Clean,0.048037,0.000000,288.8205,288.8204,88.8205,200.0,20.0
1.1,SL-16 / Zenit-2 second stage,275,13047264150826898208,0,1,Clean,0.057287,0.000000,435.8634,435.8633,235.8634,200.0,20.0
1.1,SL-16 / Zenit-2 second stage,275,13047264150826898208,3,2,Clean,0.068038,0.000000,346.1546,346.1544,146.1546,200.0,20.0
1.1,SL-16 / Zenit-2 second stage,276,6346829783651655054,0,1,Clean,0.023366,0.000000,404.1895,404.1895,204.1895,200.0,20.0
1.1,SL-16 / Zenit-2 second stage,276,6346829783651655054,2,2,Clean,0.005461,0.000000,438.1348,438.1348,238.1348,200.0,20.0
1.1,SL-16 / Zenit-2 second stage,276,6346829783651655054,4,3,Clean,0.084308,0.000000,298.8167,298.8165,98.8167,200.0,20.0
1.1,SL-16 / Zenit-2 second stage,283,15441742048210340051,1,1,Clean,0.083365,0.000000,336.7831,336.7829,136.7831,200.0,20.0
1.1,SL-16 / Zenit-2 second stage,287,15270343409018410765,1,1,Clean,0.128532,0.000000,245.8556,245.8554,45.8556,200.0,20.0
1.1,SL-16 / Zenit-2 second stage,289,10675388439954162260,3,1,Clean,0.197949,0.000000,237.0229,237.0223,37.0229,200.0,20.0
1.1,SL-16 / Zenit-2 second stage,290,17338241396057652543,3,1,Clean,0.065087,0.000000,311.7480,311.7479,111.7480,200.0,20.0
1.1,SL-16 / Zenit-2 second stage,293,13689546765884644772,1,1,Clean,0.058687,0.000000,358.4002,358.4002,158.4002,200.0,20.0
1.1,SL-16 / Zenit-2 second stage,293,13689546765884644772,2,2,Clean,0.031609,0.000000,337.7078,337.7077,137.7078,200.0,20.0
1.1,SL-16 / Zenit-2 second stage,296,7563907378689205102,3,1,Clean,0.037636,0.000000,371.8186,371.8185,171.8186,200.0,20.0
1.1,SL-16 / Zenit-2 second stage,300,11255675117732468379,0,1,Clean,0.064871,0.000000,355.7372,355.7371,155.7372,200.0,20.0
1.1,SL-16 / Zenit-2 second stage,302,13915029527908155417,0,1,Clean,0.125992,0.000000,244.8709,244.8706,44.8709,200.0,20.0
1.1,SL-16 / Zenit-2 second stage,302,13915029527908155417,2,2,Clean,0.048105,0.000000,366.4591,366.4590,166.4591,200.0,20.0
1.1,SL-16 / Zenit-2 second stage,303,18057285875456225838,1,1,Clean,0.065484,0.000000,388.6476,388.6476,188.6476,200.0,20.0
1.1,SL-16 / Zenit-2 second stage,306,11371629865729384864,0,1,Clean,0.075964,0.000000,266.8693,266.8691,66.8693,200.0,20.0
1.1,SL-16 / Zenit-2 second stage,306,11371629865729384864,3,2,Clean,0.053844,0.000000,421.3611,421.3611,221.3611,200.0,20.0
1.1,SL-16 / Zenit-2 second stage,308,7873919474173068896,0,1,Clean,0.057584,0.000000,397.4521,397.4520,197.4521,200.0,20.0
1.1,SL-16 / Zenit-2 second stage,316,10508092540235089909,3,1,Clean,0.055328,0.000000,314.3112,314.3109,114.3112,200.0,20.0
1.1,SL-16 / Zenit-2 second stage,320,13579992900944320982,3,1,Clean,0.106536,0.000000,282.8900,282.8899,82.8900,200.0,20.0
1.1,SL-16 / Zenit-2 second stage,321,12836158161384154316,1,1,Clean,0.063121,0.000000,366.1353,366.1352,166.1353,200.0,20.0
1.1,SL-16 / Zenit-2 second stage,322,15034287005681719547,3,1,Clean,0.019095,0.000000,373.1062,373.1062,173.1062,200.0,20.0
1.1,SL-16 / Zenit-2 second stage,324,15884449140465851166,3,1,Clean,0.085988,0.000000,235.4726,235.4725,35.4726,200.0,20.0
1.1,SL-16 / Zenit-2 second stage,325,10475964670184039001,0,1,Clean,0.115831,0.000000,371.7186,371.7185,171.7186,200.0,20.0
1.1,SL-16 / Zenit-2 second stage,327,2375587926860277634,0,1,Clean,0.016452,0.000000,442.9095,442.9095,242.9095,200.0,20.0
1.1,SL-16 / Zenit-2 second stage,327,2375587926860277634,4,2,Clean,0.181419,0.000000,240.9841,240.9835,40.9841,200.0,20.0
1.1,SL-16 / Zenit-2 second stage,328,15320275236770431475,0,1,Clean,0.081280,0.000000,378.3059,378.3058,178.3059,200.0,20.0
1.1,SL-16 / Zenit-2 second stage,330,15785477284470837898,0,1,Clean,0.078522,0.000000,430.5167,430.5165,230.5167,200.0,20.0
1.1,SL-16 / Zenit-2 second stage,332,10657360349971043555,3,1,Clean,0.181030,0.000000,303.5938,303.5936,103.5938,200.0,20.0
1.1,SL-16 / Zenit-2 second stage,336,6669425430047034797,1,1,Clean,0.151911,0.000000,264.6681,264.6680,64.6681,200.0,20.0
1.1,SL-16 / Zenit-2 second stage,340,6143729322837638836,1,1,BoundedClearing,0.284998,0.000000,220.1953,220.1932,20.1953,200.0,20.0
1.1,SL-16 / Zenit-2 second stage,340,6143729322837638836,4,2,Clean,0.086614,0.000000,295.7306,295.7306,95.7306,200.0,20.0
1.1,SL-16 / Zenit-2 second stage,341,14457486994283216390,0,1,Clean,0.064988,0.000000,297.4982,297.4982,97.4982,200.0,20.0
1.1,SL-16 / Zenit-2 second stage,342,11427290515635121422,2,1,Clean,0.117282,0.000000,308.7580,308.7579,108.7580,200.0,20.0
1.1,SL-16 / Zenit-2 second stage,342,11427290515635121422,3,2,Clean,0.040540,0.000000,326.6816,326.6816,126.6816,200.0,20.0
1.1,SL-16 / Zenit-2 second stage,344,2519323518970502723,2,1,Clean,0.027700,0.000000,391.1668,391.1666,191.1668,200.0,20.0
1.1,SL-16 / Zenit-2 second stage,344,2519323518970502723,3,2,Clean,0.057003,0.000000,271.7428,271.7428,71.7428,200.0,20.0
1.1,SL-16 / Zenit-2 second stage,345,15003201578000621816,2,1,Clean,0.061799,0.000000,418.7727,418.7727,218.7727,200.0,20.0
1.1,SL-16 / Zenit-2 second stage,346,16772645844202178797,2,1,Clean,0.030713,0.000000,294.5390,294.5389,94.5390,200.0,20.0
1.1,SL-16 / Zenit-2 second stage,350,9028399884438986021,2,1,Clean,0.080709,0.000000,223.5247,223.5245,23.5247,200.0,20.0
1.1,SL-16 / Zenit-2 second stage,353,116598205871080422,1,1,Clean,0.089878,0.000000,368.1856,368.1853,168.1856,200.0,20.0
1.1,SL-16 / Zenit-2 second stage,353,116598205871080422,3,2,Clean,0.110676,0.000000,327.8497,327.8496,127.8497,200.0,20.0
1.1,SL-16 / Zenit-2 second stage,355,15499118094499348425,1,1,Clean,0.027332,0.000000,396.1805,396.1805,196.1805,200.0,20.0
1.1,SL-16 / Zenit-2 second stage,355,15499118094499348425,3,2,Clean,0.032311,0.000000,403.0135,403.0135,203.0135,200.0,20.0
1.1,SL-16 / Zenit-2 second stage,358,15706803348615956651,1,1,Clean,0.049283,0.000000,415.9570,415.9569,215.9570,200.0,20.0
1.1,SL-16 / Zenit-2 second stage,359,1660488134296263483,2,1,Clean,0.104836,0.000000,266.6199,266.6195,66.6199,200.0,20.0
1.1,SL-16 / Zenit-2 second stage,361,17101566876557280734,0,1,Clean,0.062680,0.000000,303.2659,303.2657,103.2659,200.0,20.0
1.1,SL-16 / Zenit-2 second stage,361,17101566876557280734,4,2,Clean,0.060657,0.000000,324.4911,324.4910,124.4911,200.0,20.0
1.1,SL-16 / Zenit-2 second stage,362,12275429356454120517,1,1,Clean,0.045651,0.000000,321.4967,321.4967,121.4967,200.0,20.0
1.1,SL-16 / Zenit-2 second stage,363,4928522608155390579,0,1,Clean,0.085049,0.000000,297.5328,297.5325,97.5328,200.0,20.0
1.1,SL-16 / Zenit-2 second stage,363,4928522608155390579,2,2,Clean,0.040342,0.000000,425.3707,425.3707,225.3707,200.0,20.0
1.1,SL-16 / Zenit-2 second stage,366,16570414216204612737,0,1,Clean,0.184755,0.000000,232.3122,232.3117,32.3122,200.0,20.0
1.1,SL-16 / Zenit-2 second stage,367,14123897580917316267,2,1,Clean,0.075467,0.000000,370.3022,370.3020,170.3022,200.0,20.0
1.1,SL-16 / Zenit-2 second stage,368,13859600024052759465,1,1,Clean,0.031030,0.000000,401.2166,401.2166,201.2166,200.0,20.0
1.1,SL-16 / Zenit-2 second stage,369,12023056619220616111,3,1,Clean,0.111209,0.000000,384.9205,384.9201,184.9205,200.0,20.0
1.1,SL-16 / Zenit-2 second stage,369,12023056619220616111,4,2,Clean,0.100892,0.000000,306.2457,306.2456,106.2457,200.0,20.0
1.1,SL-16 / Zenit-2 second stage,374,17106859386188749062,3,1,Clean,0.048244,0.000000,313.6021,313.6020,113.6021,200.0,20.0
1.1,SL-16 / Zenit-2 second stage,375,7544586792293302418,3,1,Clean,0.155657,0.000000,342.2017,342.2013,142.2017,200.0,20.0
1.1,SL-16 / Zenit-2 second stage,378,3267259891491832556,0,1,Clean,0.042308,0.000000,279.8820,279.8820,79.8820,200.0,20.0
1.1,SL-16 / Zenit-2 second stage,378,3267259891491832556,3,2,Clean,0.086704,0.000000,349.3344,349.3340,149.3344,200.0,20.0
1.1,SL-16 / Zenit-2 second stage,379,3798177060549536890,3,1,Clean,0.035977,0.000000,349.2498,349.2498,149.2498,200.0,20.0
1.1,SL-16 / Zenit-2 second stage,380,386294678010113173,1,1,Clean,0.068686,0.000000,483.6888,483.6887,283.6888,200.0,20.0
1.1,SL-16 / Zenit-2 second stage,380,386294678010113173,2,2,Clean,0.097840,0.000000,233.0321,233.0318,33.0321,200.0,20.0
1.1,SL-16 / Zenit-2 second stage,381,14827061245536190139,2,1,Clean,0.106852,0.000000,287.4281,287.4277,87.4281,200.0,20.0
1.1,SL-16 / Zenit-2 second stage,382,17493156172629294650,1,1,Clean,0.206395,0.000000,297.9722,297.9716,97.9722,200.0,20.0
1.1,SL-16 / Zenit-2 second stage,385,15250284036009637530,3,1,Clean,0.073217,0.000000,284.5606,284.5605,84.5606,200.0,20.0
1.1,SL-16 / Zenit-2 second stage,386,15924796310990357785,0,1,Clean,0.056276,0.000000,396.7071,396.7070,196.7071,200.0,20.0
1.1,SL-16 / Zenit-2 second stage,386,15924796310990357785,2,2,Clean,0.060063,0.000000,349.9541,349.9540,149.9541,200.0,20.0
1.1,SL-16 / Zenit-2 second stage,394,5048861416553708681,2,1,Clean,0.067851,0.000000,364.3326,364.3326,164.3326,200.0,20.0
1.1,SL-16 / Zenit-2 second stage,397,8309291482647733527,2,1,Clean,0.054892,0.000000,369.0483,369.0483,169.0483,200.0,20.0
1.1,SL-16 / Zenit-2 second stage,400,9136331888086717448,3,1,Clean,0.124449,0.000000,369.5379,369.5378,169.5379,200.0,20.0
1.1,SL-16 / Zenit-2 second stage,401,1051390666196353678,0,1,Clean,0.053429,0.000000,377.3442,377.3441,177.3442,200.0,20.0
1.1,SL-16 / Zenit-2 second stage,401,1051390666196353678,1,2,Clean,0.172202,0.000000,256.3371,256.3369,56.3371,200.0,20.0
1.1,SL-16 / Zenit-2 second stage,405,6527659873027405424,1,1,Clean,0.037381,0.000000,271.3559,271.3558,71.3559,200.0,20.0
1.1,SL-16 / Zenit-2 second stage,406,6586970646835421869,2,1,Clean,0.080682,0.000000,339.7559,339.7558,139.7559,200.0,20.0
1.1,SL-16 / Zenit-2 second stage,407,17103564954570869122,1,1,Clean,0.024247,0.000000,434.7331,434.7331,234.7331,200.0,20.0
1.1,SL-16 / Zenit-2 second stage,414,6476618962933310724,3,1,Clean,0.053145,0.000000,372.5093,372.5093,172.5093,200.0,20.0
1.1,SL-16 / Zenit-2 second stage,417,9418252606077327094,1,1,Clean,0.103805,0.000000,410.9383,410.9382,210.9383,200.0,20.0
1.1,SL-16 / Zenit-2 second stage,418,12363623317567394592,2,1,Clean,0.063825,0.000000,415.5898,415.5896,215.5898,200.0,20.0
1.1,SL-16 / Zenit-2 second stage,419,12959048923199747302,3,1,Clean,0.111423,0.000000,319.7214,319.7212,119.7214,200.0,20.0
1.1,SL-16 / Zenit-2 second stage,420,16925889326134249324,0,1,Clean,0.043747,0.000000,322.8963,322.8962,122.8963,200.0,20.0
1.1,SL-16 / Zenit-2 second stage,425,8200061723373195463,0,1,Clean,0.027210,0.000000,320.4600,320.4599,120.4600,200.0,20.0
1.1,SL-16 / Zenit-2 second stage,425,8200061723373195463,4,2,Clean,0.018450,0.000000,341.3286,341.3285,141.3286,200.0,20.0
1.1,SL-16 / Zenit-2 second stage,426,1244364388472922724,0,1,Clean,0.081193,0.000000,342.5370,342.5370,142.5370,200.0,20.0
1.1,SL-16 / Zenit-2 second stage,426,1244364388472922724,1,2,Clean,0.130865,0.000000,316.4029,316.4026,116.4029,200.0,20.0
1.1,SL-16 / Zenit-2 second stage,429,10742685976011764591,1,1,Clean,0.099470,0.000000,396.9855,396.9855,196.9855,200.0,20.0
1.1,SL-16 / Zenit-2 second stage,429,10742685976011764591,4,2,Clean,0.124757,0.000000,313.0715,313.0711,113.0715,200.0,20.0
1.1,SL-16 / Zenit-2 second stage,430,13255747267296308794,3,1,Clean,0.046161,0.000000,292.8512,292.8511,92.8512,200.0,20.0
1.1,SL-16 / Zenit-2 second stage,431,9998426436112228232,0,1,Clean,0.200848,0.000000,260.7372,260.7366,60.7372,200.0,20.0
1.1,SL-16 / Zenit-2 second stage,432,1236017942537120678,2,1,Clean,0.009977,0.000000,393.5486,393.5486,193.5486,200.0,20.0
1.1,SL-16 / Zenit-2 second stage,433,16619111294588425215,1,1,Clean,0.060921,0.000000,307.4792,307.4789,107.4792,200.0,20.0
1.1,SL-16 / Zenit-2 second stage,433,16619111294588425215,2,2,Clean,0.008452,0.000000,430.6044,430.6044,230.6044,200.0,20.0
1.1,SL-16 / Zenit-2 second stage,434,597130521758897679,1,1,Clean,0.044170,0.000000,343.6826,343.6825,143.6826,200.0,20.0
1.1,SL-16 / Zenit-2 second stage,437,38270141431231878,1,1,Clean,0.061226,0.000000,362.9506,362.9505,162.9506,200.0,20.0
1.1,SL-16 / Zenit-2 second stage,439,16574535529890273851,3,1,Clean,0.117164,0.000000,292.5047,292.5046,92.5047,200.0,20.0
1.1,SL-16 / Zenit-2 second stage,442,4358547562049505544,0,1,Clean,0.090712,0.000000,315.3480,315.3477,115.3480,200.0,20.0
1.1,SL-16 / Zenit-2 second stage,442,4358547562049505544,1,2,Clean,0.089838,0.000000,334.4846,334.4843,134.4846,200.0,20.0
1.1,SL-16 / Zenit-2 second stage,442,4358547562049505544,2,3,Clean,0.117167,0.000000,275.8465,275.8464,75.8465,200.0,20.0
1.1,SL-16 / Zenit-2 second stage,444,5081062813330371261,3,1,Clean,0.029738,0.000000,342.1393,342.1392,142.1393,200.0,20.0
1.1,SL-16 / Zenit-2 second stage,445,8396045886402577061,3,1,Clean,0.020647,0.000000,420.1205,420.1205,220.1205,200.0,20.0
1.1,SL-16 / Zenit-2 second stage,446,7865984858108998340,0,1,Clean,0.115015,0.000000,278.2959,278.2957,78.2959,200.0,20.0
1.1,SL-16 / Zenit-2 second stage,450,10230471490917831186,0,1,Clean,0.004926,0.000000,407.5588,407.5588,207.5588,200.0,20.0
1.1,SL-16 / Zenit-2 second stage,453,11334474303900480930,2,1,Clean,0.126625,0.000000,390.8309,390.8306,190.8309,200.0,20.0
1.1,SL-16 / Zenit-2 second stage,455,5585726339775300765,1,1,Clean,0.019810,0.000000,366.6357,366.6357,166.6357,200.0,20.0
1.1,SL-16 / Zenit-2 second stage,458,8273491488476813534,2,1,Clean,0.066558,0.000000,299.3746,299.3744,99.3746,200.0,20.0
1.1,SL-16 / Zenit-2 second stage,460,4116084491419966480,0,1,BoundedClearing,0.205784,0.000000,220.1762,220.1752,20.1762,200.0,20.0
1.1,SL-16 / Zenit-2 second stage,462,4836564174710908726,2,1,Clean,0.100726,0.000000,307.8013,307.8012,107.8013,200.0,20.0
1.1,SL-16 / Zenit-2 second stage,463,10462062618766700371,2,1,Clean,0.072178,0.000000,279.6278,279.6278,79.6278,200.0,20.0
1.1,SL-16 / Zenit-2 second stage,463,10462062618766700371,4,2,Clean,0.044108,0.000000,323.7592,323.7590,123.7592,200.0,20.0
1.1,SL-16 / Zenit-2 second stage,464,8947108565479391677,0,1,Clean,0.043404,0.000000,381.2424,381.2424,181.2424,200.0,20.0
1.1,SL-16 / Zenit-2 second stage,467,15789592004413526265,2,1,Clean,0.046525,0.000000,408.1535,408.1534,208.1535,200.0,20.0
1.1,SL-16 / Zenit-2 second stage,470,5537245410691756929,2,1,Clean,0.072535,0.000000,404.1289,404.1289,204.1289,200.0,20.0
1.1,SL-16 / Zenit-2 second stage,473,12652260982050509895,3,1,Clean,0.055760,0.000000,372.7775,372.7775,172.7775,200.0,20.0
1.1,SL-16 / Zenit-2 second stage,475,1322963352264702924,1,1,Clean,0.016000,0.000000,362.7903,362.7903,162.7903,200.0,20.0
1.1,SL-16 / Zenit-2 second stage,475,1322963352264702924,4,2,Clean,0.045799,0.000000,360.1068,360.1068,160.1068,200.0,20.0
1.1,SL-16 / Zenit-2 second stage,477,16148147576039974412,1,1,Clean,0.029255,0.000000,430.2883,430.2883,230.2883,200.0,20.0
1.1,SL-16 / Zenit-2 second stage,478,13794239910051864002,1,1,Clean,0.118334,0.000000,253.5948,253.5947,53.5948,200.0,20.0
1.1,SL-16 / Zenit-2 second stage,480,17402163812747908502,3,1,Clean,0.028870,0.000000,351.3700,351.3699,151.3700,200.0,20.0
1.1,SL-16 / Zenit-2 second stage,482,16911071813726026460,3,1,Clean,0.068472,0.000000,326.2418,326.2416,126.2418,200.0,20.0
1.1,SL-16 / Zenit-2 second stage,483,12487068001353017505,0,1,Clean,0.013821,0.000000,400.7583,400.7583,200.7583,200.0,20.0
1.1,SL-16 / Zenit-2 second stage,483,12487068001353017505,1,2,Clean,0.044514,0.000000,414.9553,414.9553,214.9553,200.0,20.0
1.1,SL-16 / Zenit-2 second stage,484,7534662088459513496,3,1,Clean,0.037695,0.000000,447.1912,447.1911,247.1912,200.0,20.0
1.1,SL-16 / Zenit-2 second stage,484,7534662088459513496,4,2,Clean,0.150986,0.000000,307.5250,307.5249,107.5250,200.0,20.0
1.1,SL-16 / Zenit-2 second stage,485,13544434707579155526,1,1,Clean,0.063812,0.000000,368.8766,368.8765,168.8766,200.0,20.0
1.1,SL-16 / Zenit-2 second stage,485,13544434707579155526,2,2,Clean,0.034858,0.000000,426.2220,426.2219,226.2220,200.0,20.0
1.1,SL-16 / Zenit-2 second stage,488,1069772373161245168,0,1,Clean,0.027515,0.000000,401.2719,401.2719,201.2719,200.0,20.0
1.1,SL-16 / Zenit-2 second stage,489,304587148300297438,1,1,Clean,0.113081,0.000000,313.0984,313.0983,113.0984,200.0,20.0
1.1,SL-16 / Zenit-2 second stage,490,9593407454170776422,1,1,BoundedClearing,0.311002,0.000000,220.3237,220.3241,20.3237,200.0,20.0
1.1,SL-16 / Zenit-2 second stage,493,16944446320166563125,0,1,Clean,0.062767,0.000000,410.0171,410.0170,210.0171,200.0,20.0
1.1,SL-16 / Zenit-2 second stage,494,15205770476205504097,1,1,Clean,0.095303,0.000000,289.5440,289.5437,89.5440,200.0,20.0
1.1,SL-16 / Zenit-2 second stage,495,9664209209412172665,1,1,Clean,0.125649,0.000000,343.8883,343.8881,143.8883,200.0,20.0
1.1,SL-16 / Zenit-2 second stage,498,4395283256117578247,2,1,Clean,0.011153,0.000000,335.6044,335.6044,135.6044,200.0,20.0
1.1,SL-16 / Zenit-2 second stage,499,1270852133170026216,2,1,Clean,0.118152,0.000000,302.5306,302.5302,102.5306,200.0,20.0
1.1,SL-8 / Kosmos-3M second stage,3,9501926910669925919,2,1,Clean,0.092718,0.000000,345.0537,345.0536,145.0537,200.0,20.0
1.1,SL-8 / Kosmos-3M second stage,8,4590414574699275112,0,1,Clean,0.050986,0.000000,372.9011,372.9006,172.9011,200.0,20.0
1.1,SL-8 / Kosmos-3M second stage,8,4590414574699275112,3,2,Clean,0.019326,0.000000,349.5739,349.5738,149.5739,200.0,20.0
1.1,SL-8 / Kosmos-3M second stage,10,4794469557716662183,3,1,Clean,0.024194,0.000000,404.5852,404.5852,204.5852,200.0,20.0
1.1,SL-8 / Kosmos-3M second stage,11,3785181094241667377,1,1,Clean,0.058385,0.000000,311.7600,311.7599,111.7600,200.0,20.0
1.1,SL-8 / Kosmos-3M second stage,13,4686384457862221132,0,1,Clean,0.025781,0.000000,380.3559,380.3557,180.3559,200.0,20.0
1.1,SL-8 / Kosmos-3M second stage,14,2347929816081889226,1,1,Clean,0.090730,0.000000,296.1055,296.1054,96.1055,200.0,20.0
1.1,SL-8 / Kosmos-3M second stage,19,3111521517743452796,3,1,Clean,0.126378,0.000000,316.6008,316.6007,116.6008,200.0,20.0
1.1,SL-8 / Kosmos-3M second stage,22,6768678185038708377,1,1,Clean,0.037463,0.000000,385.9749,385.9745,185.9749,200.0,20.0
1.1,SL-8 / Kosmos-3M second stage,22,6768678185038708377,2,2,Clean,0.107616,0.000000,361.2425,361.2425,161.2425,200.0,20.0
1.1,SL-8 / Kosmos-3M second stage,26,13384450859221977924,2,1,Clean,0.096661,0.000000,280.8980,280.8979,80.8980,200.0,20.0
1.1,SL-8 / Kosmos-3M second stage,26,13384450859221977924,3,2,Clean,0.142078,0.000000,274.6991,274.6982,74.6991,200.0,20.0
1.1,SL-8 / Kosmos-3M second stage,33,11033405730865082165,0,1,Clean,0.047649,0.000000,352.1865,352.1860,152.1865,200.0,20.0
1.1,SL-8 / Kosmos-3M second stage,35,2954143561309043572,2,1,Clean,0.139353,0.000000,337.6705,337.6704,137.6705,200.0,20.0
1.1,SL-8 / Kosmos-3M second stage,36,2993230109214221745,0,1,Clean,0.021192,0.000000,417.6047,417.6047,217.6047,200.0,20.0
1.1,SL-8 / Kosmos-3M second stage,46,7247752405919641601,0,1,Clean,0.053377,0.000000,343.9558,343.9551,143.9558,200.0,20.0
1.1,SL-8 / Kosmos-3M second stage,49,6357939871721252697,1,1,Clean,0.034505,0.000000,384.1194,384.1191,184.1194,200.0,20.0
1.1,SL-8 / Kosmos-3M second stage,55,15075626775310593712,2,1,Clean,0.031750,0.000000,460.8133,460.8133,260.8133,200.0,20.0
1.1,SL-8 / Kosmos-3M second stage,56,10757009544649847026,2,1,Clean,0.055705,0.000000,399.8160,399.8160,199.8160,200.0,20.0
1.1,SL-8 / Kosmos-3M second stage,57,2868715043111883121,1,1,Clean,0.070893,0.000000,260.8378,260.8370,60.8378,200.0,20.0
1.1,SL-8 / Kosmos-3M second stage,67,17853160298431406427,3,1,Clean,0.025766,0.000000,403.0653,403.0653,203.0653,200.0,20.0
1.1,SL-8 / Kosmos-3M second stage,68,16513294107662578338,2,1,Clean,0.063839,0.000000,333.0270,333.0270,133.0270,200.0,20.0
1.1,SL-8 / Kosmos-3M second stage,70,601975081830037133,1,1,Clean,0.014845,0.000000,374.9840,374.9840,174.9840,200.0,20.0
1.1,SL-8 / Kosmos-3M second stage,71,969955678781349707,3,1,Clean,0.040583,0.000000,345.0173,345.0173,145.0173,200.0,20.0
1.1,SL-8 / Kosmos-3M second stage,71,969955678781349707,4,2,Clean,0.059638,0.000000,317.8211,317.8206,117.8211,200.0,20.0
1.1,SL-8 / Kosmos-3M second stage,72,14938999837213807255,3,1,Clean,0.031531,0.000000,423.9049,423.9049,223.9049,200.0,20.0
1.1,SL-8 / Kosmos-3M second stage,73,7212231998610841089,1,1,Clean,0.118635,0.000000,303.4055,303.4054,103.4055,200.0,20.0
1.1,SL-8 / Kosmos-3M second stage,74,4114659009161236061,3,1,Clean,0.118870,0.000000,320.2269,320.2268,120.2269,200.0,20.0
1.1,SL-8 / Kosmos-3M second stage,75,9473836844610792921,2,1,Clean,0.084697,0.000000,302.4904,302.4904,102.4904,200.0,20.0
1.1,SL-8 / Kosmos-3M second stage,81,14092832204976978220,0,1,Clean,0.028155,0.000000,362.1438,362.1438,162.1438,200.0,20.0
1.1,SL-8 / Kosmos-3M second stage,81,14092832204976978220,4,2,Clean,0.038205,0.000000,402.0081,402.0076,202.0081,200.0,20.0
1.1,SL-8 / Kosmos-3M second stage,83,11238325474417108488,3,1,Clean,0.056185,0.000000,374.0956,374.0952,174.0956,200.0,20.0
1.1,SL-8 / Kosmos-3M second stage,87,10509508361043868084,3,1,Clean,0.049582,0.000000,406.1188,406.1184,206.1188,200.0,20.0
1.1,SL-8 / Kosmos-3M second stage,87,10509508361043868084,4,2,Clean,0.100777,0.000000,379.9552,379.9545,179.9552,200.0,20.0
1.1,SL-8 / Kosmos-3M second stage,88,7134996023016221808,0,1,BoundedClearing,0.218219,0.000000,220.3699,220.3672,20.3699,200.0,20.0
1.1,SL-8 / Kosmos-3M second stage,88,7134996023016221808,2,2,Clean,0.170346,0.000000,260.8776,260.8774,60.8776,200.0,20.0
1.1,SL-8 / Kosmos-3M second stage,88,7134996023016221808,4,3,Clean,0.093822,0.000000,350.7619,350.7618,150.7619,200.0,20.0
1.1,SL-8 / Kosmos-3M second stage,89,783248001608769972,3,1,Clean,0.171591,0.000000,225.0524,225.0521,25.0524,200.0,20.0
1.1,SL-8 / Kosmos-3M second stage,89,783248001608769972,4,2,Clean,0.055505,0.000000,344.2007,344.2007,144.2007,200.0,20.0
1.1,SL-8 / Kosmos-3M second stage,92,1552097006932217933,1,1,Clean,0.069620,0.000000,309.8123,309.8116,109.8123,200.0,20.0
1.1,SL-8 / Kosmos-3M second stage,93,13326039660222132049,0,1,Clean,0.121010,0.000000,334.4571,334.4570,134.4571,200.0,20.0
1.1,SL-8 / Kosmos-3M second stage,93,13326039660222132049,3,2,Clean,0.057783,0.000000,337.1113,337.1108,137.1113,200.0,20.0
1.1,SL-8 / Kosmos-3M second stage,94,11235125496851047854,1,1,Clean,0.036726,0.000000,395.8456,395.8454,195.8456,200.0,20.0
1.1,SL-8 / Kosmos-3M second stage,97,5558047676813827782,1,1,Clean,0.026952,0.000000,445.8844,445.8844,245.8844,200.0,20.0
1.1,SL-8 / Kosmos-3M second stage,97,5558047676813827782,4,2,Clean,0.048310,0.000000,385.7607,385.7601,185.7607,200.0,20.0
1.1,SL-8 / Kosmos-3M second stage,98,6170313548543517533,3,1,Clean,0.012372,0.000000,429.7471,429.7470,229.7471,200.0,20.0
1.1,SL-8 / Kosmos-3M second stage,99,3795023122292842223,0,1,BoundedClearing,0.195595,0.000000,220.0544,220.0547,20.0544,200.0,20.0
1.1,SL-8 / Kosmos-3M second stage,100,16648612187199434007,2,1,Clean,0.023781,0.000000,395.0236,395.0235,195.0236,200.0,20.0
1.1,SL-8 / Kosmos-3M second stage,100,16648612187199434007,4,2,Clean,0.155154,0.000000,239.1016,239.1002,39.1016,200.0,20.0
1.1,SL-8 / Kosmos-3M second stage,101,1111846695446137512,0,1,Clean,0.089119,0.000000,263.6878,263.6869,63.6878,200.0,20.0
1.1,SL-8 / Kosmos-3M second stage,101,1111846695446137512,1,2,Clean,0.054121,0.000000,357.7835,357.7834,157.7835,200.0,20.0
1.1,SL-8 / Kosmos-3M second stage,101,1111846695446137512,4,3,Clean,0.048035,0.000000,338.1146,338.1142,138.1146,200.0,20.0
1.1,SL-8 / Kosmos-3M second stage,102,16126919220140356667,2,1,Clean,0.181217,0.000000,242.8825,242.8823,42.8825,200.0,20.0
1.1,SL-8 / Kosmos-3M second stage,102,16126919220140356667,3,2,Clean,0.044554,0.000000,259.5916,259.5915,59.5916,200.0,20.0
1.1,SL-8 / Kosmos-3M second stage,103,8288251776394186394,2,1,Clean,0.126674,0.000000,275.3613,275.3599,75.3613,200.0,20.0
1.1,SL-8 / Kosmos-3M second stage,105,7269560141380132307,2,1,Clean,0.032662,0.000000,337.2840,337.2840,137.2840,200.0,20.0
1.1,SL-8 / Kosmos-3M second stage,105,7269560141380132307,4,2,Clean,0.081080,0.000000,374.7208,374.7203,174.7208,200.0,20.0
1.1,SL-8 / Kosmos-3M second stage,106,15967033882521942163,1,1,Clean,0.042022,0.000000,352.2984,352.2980,152.2984,200.0,20.0
1.1,SL-8 / Kosmos-3M second stage,108,8186724034393272393,2,1,Clean,0.054007,0.000000,356.2993,356.2992,156.2993,200.0,20.0
1.1,SL-8 / Kosmos-3M second stage,110,3515963024753989654,2,1,Clean,0.107332,0.000000,337.1773,337.1772,137.1773,200.0,20.0
1.1,SL-8 / Kosmos-3M second stage,111,2704205146015443972,2,1,Clean,0.042849,0.000000,405.7112,405.7110,205.7112,200.0,20.0
1.1,SL-8 / Kosmos-3M second stage,115,15208258332439603515,1,1,Clean,0.063049,0.000000,321.8394,321.8387,121.8394,200.0,20.0
1.1,SL-8 / Kosmos-3M second stage,117,11999799007654435368,3,1,Clean,0.047500,0.000000,409.8361,409.8359,209.8361,200.0,20.0
1.1,SL-8 / Kosmos-3M second stage,118,16060992619936072127,1,1,Clean,0.097831,0.000000,311.5773,311.5763,111.5773,200.0,20.0
1.1,SL-8 / Kosmos-3M second stage,118,16060992619936072127,4,2,Clean,0.056161,0.000000,328.1415,328.1411,128.1415,200.0,20.0
1.1,SL-8 / Kosmos-3M second stage,119,12952988719095225578,0,1,BoundedClearing,0.165751,0.000000,220.0002,220.0003,20.0002,200.0,20.0
1.1,SL-8 / Kosmos-3M second stage,120,7747170027883190038,1,1,Clean,0.024138,0.000000,380.2891,380.2888,180.2891,200.0,20.0
1.1,SL-8 / Kosmos-3M second stage,122,688966095470808674,2,1,Clean,0.065780,0.000000,339.1667,339.1666,139.1667,200.0,20.0
1.1,SL-8 / Kosmos-3M second stage,128,3335535302802798901,0,1,Clean,0.016488,0.000000,399.6826,399.6826,199.6826,200.0,20.0
1.1,SL-8 / Kosmos-3M second stage,129,1449631852543959691,0,1,Clean,0.074353,0.000000,375.8896,375.8889,175.8896,200.0,20.0
1.1,SL-8 / Kosmos-3M second stage,133,752925886433114568,1,1,Clean,0.067791,0.000000,385.3841,385.3836,185.3841,200.0,20.0
1.1,SL-8 / Kosmos-3M second stage,138,1031779477943803934,0,1,Clean,0.092837,0.000000,305.9338,305.9329,105.9338,200.0,20.0
1.1,SL-8 / Kosmos-3M second stage,140,8400171588754367543,2,1,Clean,0.042351,0.000000,425.2981,425.2981,225.2981,200.0,20.0
1.1,SL-8 / Kosmos-3M second stage,141,7048917618887378252,3,1,Clean,0.010505,0.000000,417.9720,417.9720,217.9720,200.0,20.0
1.1,SL-8 / Kosmos-3M second stage,153,5802533352399796862,2,1,Clean,0.073825,0.000000,372.1158,372.1153,172.1158,200.0,20.0
1.1,SL-8 / Kosmos-3M second stage,153,5802533352399796862,3,2,Clean,0.033144,0.000000,361.2813,361.2809,161.2813,200.0,20.0
1.1,SL-8 / Kosmos-3M second stage,155,8062226699838679215,1,1,Clean,0.121595,0.000000,280.6218,280.6208,80.6218,200.0,20.0
1.1,SL-8 / Kosmos-3M second stage,156,14536084335639664089,3,1,Clean,0.042216,0.000000,283.8578,283.8572,83.8578,200.0,20.0
1.1,SL-8 / Kosmos-3M second stage,158,3660248876460784184,1,1,Clean,0.061244,0.000000,390.1869,390.1869,190.1869,200.0,20.0
1.1,SL-8 / Kosmos-3M second stage,159,12189793892867761446,0,1,Clean,0.138130,0.000000,258.2027,258.2015,58.2027,200.0,20.0
1.1,SL-8 / Kosmos-3M second stage,160,15727324899745451142,1,1,BoundedClearing,0.265971,0.000000,220.1758,220.1749,20.1758,200.0,20.0
1.1,SL-8 / Kosmos-3M second stage,165,5516731164397358252,1,1,Clean,0.188499,0.000000,242.6306,242.6290,42.6306,200.0,20.0
1.1,SL-8 / Kosmos-3M second stage,168,1786696015476084096,1,1,Clean,0.128707,0.000000,391.4474,391.4467,191.4474,200.0,20.0
1.1,SL-8 / Kosmos-3M second stage,169,12481822691716908405,1,1,Clean,0.054961,0.000000,359.3392,359.3391,159.3392,200.0,20.0
1.1,SL-8 / Kosmos-3M second stage,170,15436259963130299156,0,1,Clean,0.061849,0.000000,349.9732,349.9730,149.9732,200.0,20.0
1.1,SL-8 / Kosmos-3M second stage,170,15436259963130299156,4,2,Clean,0.021933,0.000000,341.2711,341.2709,141.2711,200.0,20.0
1.1,SL-8 / Kosmos-3M second stage,174,17527452366656779188,1,1,BoundedClearing,0.194194,0.000000,220.0009,220.0007,20.0009,200.0,20.0
1.1,SL-8 / Kosmos-3M second stage,175,1535874997032934481,1,1,Clean,0.137019,0.000000,282.6329,282.6327,82.6329,200.0,20.0
1.1,SL-8 / Kosmos-3M second stage,175,1535874997032934481,2,2,Clean,0.028390,0.000000,326.4006,326.4002,126.4006,200.0,20.0
1.1,SL-8 / Kosmos-3M second stage,175,1535874997032934481,4,3,BoundedClearing,0.157371,0.000000,220.0018,220.0012,20.0018,200.0,20.0
1.1,SL-8 / Kosmos-3M second stage,176,13366077205640011402,1,1,Clean,0.137789,0.000000,374.1378,374.1368,174.1378,200.0,20.0
1.1,SL-8 / Kosmos-3M second stage,179,13249120242680999479,0,1,Clean,0.064740,0.000000,237.3069,237.3062,37.3069,200.0,20.0
1.1,SL-8 / Kosmos-3M second stage,181,1155997493847055680,2,1,Clean,0.025953,0.000000,374.8887,374.8886,174.8887,200.0,20.0
1.1,SL-8 / Kosmos-3M second stage,186,2195151133913226357,0,1,Clean,0.074024,0.000000,328.8626,328.8618,128.8626,200.0,20.0
1.1,SL-8 / Kosmos-3M second stage,188,15524114535295224655,0,1,Clean,0.089385,0.000000,296.8548,296.8540,96.8548,200.0,20.0
1.1,SL-8 / Kosmos-3M second stage,189,5001514071126117571,0,1,Clean,0.100962,0.000000,279.1076,279.1076,79.1076,200.0,20.0
1.1,SL-8 / Kosmos-3M second stage,190,15176575333786176354,2,1,Clean,0.142601,0.000000,241.3778,241.3776,41.3778,200.0,20.0
1.1,SL-8 / Kosmos-3M second stage,191,49676799509097371,2,1,Clean,0.032168,0.000000,357.4847,357.4846,157.4847,200.0,20.0
1.1,SL-8 / Kosmos-3M second stage,192,14632317833256659055,0,1,Clean,0.070059,0.000000,411.7973,411.7968,211.7973,200.0,20.0
1.1,SL-8 / Kosmos-3M second stage,193,13368885746145514479,0,1,Clean,0.048755,0.000000,396.3818,396.3816,196.3818,200.0,20.0
1.1,SL-8 / Kosmos-3M second stage,196,15978988668043965232,1,1,Clean,0.061535,0.000000,322.4800,322.4797,122.4800,200.0,20.0
1.1,SL-8 / Kosmos-3M second stage,197,3119620964849640627,0,1,Clean,0.083347,0.000000,348.4158,348.4158,148.4158,200.0,20.0
1.1,SL-8 / Kosmos-3M second stage,198,6367954949873222969,1,1,Clean,0.113443,0.000000,329.5339,329.5339,129.5339,200.0,20.0
1.1,SL-8 / Kosmos-3M second stage,198,6367954949873222969,2,2,Clean,0.112832,0.000000,301.9489,301.9488,101.9489,200.0,20.0
1.1,SL-8 / Kosmos-3M second stage,199,4565844308182223636,2,1,Clean,0.117411,0.000000,306.8033,306.8032,106.8033,200.0,20.0
1.1,SL-8 / Kosmos-3M second stage,201,14865147735459171271,3,1,Clean,0.040358,0.000000,361.8786,361.8786,161.8786,200.0,20.0
1.1,SL-8 / Kosmos-3M second stage,203,11321252600993983036,1,1,Clean,0.029294,0.000000,375.4159,375.4159,175.4159,200.0,20.0
1.1,SL-8 / Kosmos-3M second stage,205,7450659711889107151,3,1,Clean,0.184184,0.000000,227.7054,227.7052,27.7054,200.0,20.0
1.1,SL-8 / Kosmos-3M second stage,206,1927114823291099807,0,1,Clean,0.118989,0.000000,243.2293,243.2292,43.2293,200.0,20.0
1.1,SL-8 / Kosmos-3M second stage,206,1927114823291099807,3,2,Clean,0.064092,0.000000,289.6754,289.6746,89.6754,200.0,20.0
1.1,SL-8 / Kosmos-3M second stage,207,14846996543040147005,1,1,Clean,0.072948,0.000000,251.7703,251.7696,51.7703,200.0,20.0
1.1,SL-8 / Kosmos-3M second stage,208,3415839949669319864,0,1,Clean,0.104671,0.000000,320.2967,320.2966,120.2967,200.0,20.0
1.1,SL-8 / Kosmos-3M second stage,209,8692288599154284727,2,1,Clean,0.060846,0.000000,350.7854,350.7850,150.7854,200.0,20.0
1.1,SL-8 / Kosmos-3M second stage,211,12334047072864923238,1,1,Clean,0.062603,0.000000,309.8306,309.8305,109.8306,200.0,20.0
1.1,SL-8 / Kosmos-3M second stage,211,12334047072864923238,3,2,Clean,0.054281,0.000000,359.9133,359.9133,159.9133,200.0,20.0
1.1,SL-8 / Kosmos-3M second stage,212,12794129402293671997,1,1,Clean,0.046586,0.000000,393.2803,393.2803,193.2803,200.0,20.0
1.1,SL-8 / Kosmos-3M second stage,212,12794129402293671997,2,2,Clean,0.069267,0.000000,294.1749,294.1748,94.1749,200.0,20.0
1.1,SL-8 / Kosmos-3M second stage,213,8703989685716750316,1,1,Clean,0.015056,0.000000,327.7685,327.7683,127.7685,200.0,20.0
1.1,SL-8 / Kosmos-3M second stage,214,17128896831965256352,2,1,Clean,0.119352,0.000000,326.4815,326.4803,126.4815,200.0,20.0
1.1,SL-8 / Kosmos-3M second stage,214,17128896831965256352,3,2,Clean,0.086570,0.000000,303.3150,303.3149,103.3150,200.0,20.0
1.1,SL-8 / Kosmos-3M second stage,215,9239344308186603703,3,1,Clean,0.065271,0.000000,268.7147,268.7143,68.7147,200.0,20.0
1.1,SL-8 / Kosmos-3M second stage,216,17298024956732282751,1,1,Clean,0.059663,0.000000,282.8662,282.8655,82.8662,200.0,20.0
1.1,SL-8 / Kosmos-3M second stage,216,17298024956732282751,4,2,Clean,0.173234,0.000000,277.6729,277.6727,77.6729,200.0,20.0
1.1,SL-8 / Kosmos-3M second stage,219,14362186420115379929,1,1,Clean,0.028976,0.000000,413.5832,413.5829,213.5832,200.0,20.0
1.1,SL-8 / Kosmos-3M second stage,221,17095845301150536505,1,1,Clean,0.028876,0.000000,422.3848,422.3847,222.3848,200.0,20.0
1.1,SL-8 / Kosmos-3M second stage,224,15922831704116191460,1,1,Clean,0.216783,0.000000,284.0492,284.0473,84.0492,200.0,20.0
1.1,SL-8 / Kosmos-3M second stage,227,15749128007044558430,2,1,Clean,0.093293,0.000000,331.3783,331.3782,131.3783,200.0,20.0
1.1,SL-8 / Kosmos-3M second stage,230,17636447672360454792,3,1,Clean,0.043825,0.000000,463.5220,463.5218,263.5220,200.0,20.0
1.1,SL-8 / Kosmos-3M second stage,234,2051979107006296002,2,1,Clean,0.130250,0.000000,278.7198,278.7187,78.7198,200.0,20.0
1.1,SL-8 / Kosmos-3M second stage,237,567764190282560510,0,1,Clean,0.144443,0.000000,287.6607,287.6606,87.6607,200.0,20.0
1.1,SL-8 / Kosmos-3M second stage,240,7191385997148188944,3,1,Clean,0.048863,0.000000,319.7051,319.7050,119.7051,200.0,20.0
1.1,SL-8 / Kosmos-3M second stage,242,14967341161753611244,0,1,Clean,0.065630,0.000000,284.3911,284.3910,84.3911,200.0,20.0
1.1,SL-8 / Kosmos-3M second stage,243,16866551623352074123,0,1,Clean,0.172033,0.000000,241.3663,241.3661,41.3663,200.0,20.0
1.1,SL-8 / Kosmos-3M second stage,244,15493407761010598009,0,1,Clean,0.036071,0.000000,404.5707,404.5706,204.5707,200.0,20.0
1.1,SL-8 / Kosmos-3M second stage,244,15493407761010598009,1,2,Clean,0.026126,0.000000,400.7341,400.7340,200.7341,200.0,20.0
1.1,SL-8 / Kosmos-3M second stage,245,6272232002668522079,3,1,Clean,0.113459,0.000000,332.2842,332.2841,132.2842,200.0,20.0
1.1,SL-8 / Kosmos-3M second stage,246,17305571316851200427,1,1,Clean,0.049980,0.000000,349.7014,349.7013,149.7014,200.0,20.0
1.1,SL-8 / Kosmos-3M second stage,246,17305571316851200427,4,2,Clean,0.145467,0.000000,243.3283,243.3281,43.3283,200.0,20.0
1.1,SL-8 / Kosmos-3M second stage,248,15448882891054063185,3,1,Clean,0.073776,0.000000,372.4719,372.4712,172.4719,200.0,20.0
1.1,SL-8 / Kosmos-3M second stage,250,5360015797911840781,2,1,Clean,0.031180,0.000000,318.3449,318.3445,118.3449,200.0,20.0
1.1,SL-8 / Kosmos-3M second stage,251,17937240381967373441,1,1,Clean,0.043133,0.000000,350.6403,350.6400,150.6403,200.0,20.0
1.1,SL-8 / Kosmos-3M second stage,251,17937240381967373441,2,2,Clean,0.017532,0.000000,443.2914,443.2914,243.2914,200.0,20.0
1.1,SL-8 / Kosmos-3M second stage,252,6682334503538657130,1,1,Clean,0.042614,0.000000,334.9383,334.9379,134.9383,200.0,20.0
1.1,SL-8 / Kosmos-3M second stage,254,16773185611197114856,1,1,BoundedClearing,0.330237,0.000000,225.4615,225.4601,25.4615,200.0,20.0
1.1,SL-8 / Kosmos-3M second stage,254,16773185611197114856,3,2,Clean,0.104968,0.000000,312.4788,312.4787,112.4788,200.0,20.0
1.1,SL-8 / Kosmos-3M second stage,255,15298086298593650156,0,1,Clean,0.054019,0.000000,376.2519,376.2519,176.2519,200.0,20.0
1.1,SL-8 / Kosmos-3M second stage,256,17788690440813355015,2,1,Clean,0.056380,0.000000,402.3428,402.3424,202.3428,200.0,20.0
1.1,SL-8 / Kosmos-3M second stage,257,15374450521029469256,3,1,Clean,0.072359,0.000000,309.1188,309.1183,109.1188,200.0,20.0
1.1,SL-8 / Kosmos-3M second stage,258,5132717310695162821,1,1,Clean,0.052528,0.000000,404.9912,404.9908,204.9912,200.0,20.0
1.1,SL-8 / Kosmos-3M second stage,265,14114623983553666724,1,1,Clean,0.208325,0.000000,298.1001,298.0982,98.1001,200.0,20.0
1.1,SL-8 / Kosmos-3M second stage,266,4734754364542859989,2,1,Clean,0.039532,0.000000,440.2725,440.2724,240.2725,200.0,20.0
1.1,SL-8 / Kosmos-3M second stage,266,4734754364542859989,3,2,Clean,0.042176,0.000000,415.8323,415.8321,215.8323,200.0,20.0
1.1,SL-8 / Kosmos-3M second stage,270,15175090169544112696,0,1,Clean,0.084948,0.000000,373.0507,373.0504,173.0507,200.0,20.0
1.1,SL-8 / Kosmos-3M second stage,273,1811731750621035268,1,1,Clean,0.048937,0.000000,326.3264,326.3259,126.3264,200.0,20.0
1.1,SL-8 / Kosmos-3M second stage,273,1811731750621035268,2,2,Clean,0.059385,0.000000,346.6986,346.6986,146.6986,200.0,20.0
1.1,SL-8 / Kosmos-3M second stage,273,1811731750621035268,3,3,Clean,0.038870,0.000000,388.7581,388.7581,188.7581,200.0,20.0
1.1,SL-8 / Kosmos-3M second stage,274,10069932832008852445,0,1,Clean,0.156447,0.000000,299.9569,299.9568,99.9569,200.0,20.0
1.1,SL-8 / Kosmos-3M second stage,274,10069932832008852445,4,2,Clean,0.031885,0.000000,421.8400,421.8399,221.8400,200.0,20.0
1.1,SL-8 / Kosmos-3M second stage,277,3803835140728153903,3,1,Clean,0.028834,0.000000,352.9445,352.9445,152.9445,200.0,20.0
1.1,SL-8 / Kosmos-3M second stage,278,6701040395419161012,1,1,Clean,0.059874,0.000000,364.5274,364.5268,164.5274,200.0,20.0
1.1,SL-8 / Kosmos-3M second stage,280,5276287612591368137,1,1,Clean,0.086215,0.000000,327.1486,327.1479,127.1486,200.0,20.0
1.1,SL-8 / Kosmos-3M second stage,280,5276287612591368137,3,2,Clean,0.105530,0.000000,349.9810,349.9809,149.9810,200.0,20.0
1.1,SL-8 / Kosmos-3M second stage,281,10421428559827280235,0,1,Clean,0.061464,0.000000,348.7802,348.7797,148.7802,200.0,20.0
1.1,SL-8 / Kosmos-3M second stage,282,2004803061528723280,0,1,Clean,0.054202,0.000000,287.1165,287.1159,87.1165,200.0,20.0
1.1,SL-8 / Kosmos-3M second stage,285,5937531122270429214,0,1,Clean,0.046687,0.000000,351.7974,351.7971,151.7974,200.0,20.0
1.1,SL-8 / Kosmos-3M second stage,285,5937531122270429214,2,2,Clean,0.078506,0.000000,353.0016,353.0015,153.0016,200.0,20.0
1.1,SL-8 / Kosmos-3M second stage,288,3219578206764900497,0,1,Clean,0.120339,0.000000,236.8616,236.8607,36.8616,200.0,20.0
1.1,SL-8 / Kosmos-3M second stage,288,3219578206764900497,3,2,Clean,0.113071,0.000000,357.0622,357.0616,157.0622,200.0,20.0
1.1,SL-8 / Kosmos-3M second stage,289,14537271948391841523,3,1,Clean,0.128157,0.000000,268.5522,268.5521,68.5522,200.0,20.0
1.1,SL-8 / Kosmos-3M second stage,290,8304886743363011056,1,1,Clean,0.058696,0.000000,361.2720,361.2714,161.2720,200.0,20.0
1.1,SL-8 / Kosmos-3M second stage,290,8304886743363011056,2,2,Clean,0.150697,0.000000,282.5893,282.5892,82.5893,200.0,20.0
1.1,SL-8 / Kosmos-3M second stage,292,12644201427432305305,3,1,Clean,0.031636,0.000000,384.4471,384.4471,184.4471,200.0,20.0
1.1,SL-8 / Kosmos-3M second stage,293,10234738344779665196,2,1,Clean,0.093669,0.000000,357.7669,357.7659,157.7669,200.0,20.0
1.1,SL-8 / Kosmos-3M second stage,294,6293528736332349811,0,1,Clean,0.017024,0.000000,291.6929,291.6929,91.6929,200.0,20.0
1.1,SL-8 / Kosmos-3M second stage,295,7922564570761644465,1,1,BoundedClearing,0.255605,0.000000,220.0022,220.0001,20.0022,200.0,20.0
1.1,SL-8 / Kosmos-3M second stage,295,7922564570761644465,3,2,Clean,0.093849,0.000000,295.4336,295.4336,95.4336,200.0,20.0
1.1,SL-8 / Kosmos-3M second stage,296,10155480807303154249,0,1,Clean,0.018214,0.000000,445.5461,445.5460,245.5461,200.0,20.0
1.1,SL-8 / Kosmos-3M second stage,297,15836440545517826023,1,1,Clean,0.019691,0.000000,340.1104,340.1102,140.1104,200.0,20.0
1.1,SL-8 / Kosmos-3M second stage,298,17594133913315635805,3,1,Clean,0.076184,0.000000,338.0352,338.0345,138.0352,200.0,20.0
1.1,SL-8 / Kosmos-3M second stage,299,9777565992849082850,2,1,Clean,0.057228,0.000000,406.8560,406.8556,206.8560,200.0,20.0
1.1,SL-8 / Kosmos-3M second stage,301,5815710713185870777,1,1,Clean,0.190608,0.000000,224.5621,224.5604,24.5621,200.0,20.0
1.1,SL-8 / Kosmos-3M second stage,301,5815710713185870777,2,2,Clean,0.061346,0.000000,402.5542,402.5542,202.5542,200.0,20.0
1.1,SL-8 / Kosmos-3M second stage,301,5815710713185870777,3,3,Clean,0.035859,0.000000,345.5898,345.5898,145.5898,200.0,20.0
1.1,SL-8 / Kosmos-3M second stage,303,8734678654323995422,1,1,Clean,0.038193,0.000000,395.4176,395.4176,195.4176,200.0,20.0
1.1,SL-8 / Kosmos-3M second stage,304,17832534219237938935,2,1,Clean,0.087681,0.000000,362.7411,362.7410,162.7411,200.0,20.0
1.1,SL-8 / Kosmos-3M second stage,306,12240121446661608351,2,1,Clean,0.020378,0.000000,323.8707,323.8706,123.8707,200.0,20.0
1.1,SL-8 / Kosmos-3M second stage,312,6257730788944892710,1,1,Clean,0.020328,0.000000,419.4950,419.4949,219.4950,200.0,20.0
1.1,SL-8 / Kosmos-3M second stage,316,927329771494032758,2,1,Clean,0.067504,0.000000,324.4079,324.4078,124.4079,200.0,20.0
1.1,SL-8 / Kosmos-3M second stage,319,13213825360795576765,1,1,Clean,0.147429,0.000000,220.6922,220.6908,20.6922,200.0,20.0
1.1,SL-8 / Kosmos-3M second stage,319,13213825360795576765,3,2,Clean,0.079900,0.000000,237.5002,237.5001,37.5002,200.0,20.0
1.1,SL-8 / Kosmos-3M second stage,320,10993461746800231437,1,1,Clean,0.140052,0.000000,229.6721,229.6707,29.6721,200.0,20.0
1.1,SL-8 / Kosmos-3M second stage,322,18169741169296403270,3,1,Clean,0.030106,0.000000,387.6850,387.6850,187.6850,200.0,20.0
1.1,SL-8 / Kosmos-3M second stage,324,17767810271601226840,1,1,Clean,0.074106,0.000000,288.7121,288.7114,88.7121,200.0,20.0
1.1,SL-8 / Kosmos-3M second stage,326,1360256861397697255,2,1,Clean,0.020674,0.000000,402.1265,402.1265,202.1265,200.0,20.0
1.1,SL-8 / Kosmos-3M second stage,331,14911629375942321740,0,1,Clean,0.050934,0.000000,347.7486,347.7486,147.7486,200.0,20.0
1.1,SL-8 / Kosmos-3M second stage,334,4969352976732642426,2,1,Clean,0.106902,0.000000,287.2195,287.2194,87.2195,200.0,20.0
1.1,SL-8 / Kosmos-3M second stage,335,18185132263540108363,2,1,Clean,0.023905,0.000000,395.2034,395.2034,195.2034,200.0,20.0
1.1,SL-8 / Kosmos-3M second stage,337,8522188933783512493,0,1,Clean,0.003712,0.000000,429.7743,429.7742,229.7743,200.0,20.0
1.1,SL-8 / Kosmos-3M second stage,338,11544469393513107695,2,1,Clean,0.102414,0.000000,287.0256,287.0247,87.0256,200.0,20.0
1.1,SL-8 / Kosmos-3M second stage,339,12602872564544613210,2,1,Clean,0.060831,0.000000,378.6597,378.6593,178.6597,200.0,20.0
1.1,SL-8 / Kosmos-3M second stage,341,8549449200213795269,0,1,Clean,0.018371,0.000000,428.3595,428.3594,228.3595,200.0,20.0
1.1,SL-8 / Kosmos-3M second stage,341,8549449200213795269,3,2,Clean,0.135505,0.000000,254.8443,254.8442,54.8443,200.0,20.0
1.1,SL-8 / Kosmos-3M second stage,343,12833536074784607788,1,1,Clean,0.114340,0.000000,326.7654,326.7653,126.7654,200.0,20.0
1.1,SL-8 / Kosmos-3M second stage,345,2682151813702898397,0,1,Clean,0.044680,0.000000,347.3765,347.3765,147.3765,200.0,20.0
1.1,SL-8 / Kosmos-3M second stage,346,1887770285544572917,1,1,Clean,0.127626,0.000000,297.9945,297.9944,97.9945,200.0,20.0
1.1,SL-8 / Kosmos-3M second stage,350,10051956177948469758,3,1,Clean,0.057799,0.000000,269.1024,269.1023,69.1024,200.0,20.0
1.1,SL-8 / Kosmos-3M second stage,355,14080925127146236833,3,1,Clean,0.034925,0.000000,420.5065,420.5062,220.5065,200.0,20.0
1.1,SL-8 / Kosmos-3M second stage,358,9292549460041619792,2,1,Clean,0.050059,0.000000,345.0987,345.0987,145.0987,200.0,20.0
1.1,SL-8 / Kosmos-3M second stage,360,4164026630974296449,0,1,Clean,0.064566,0.000000,401.5111,401.5110,201.5111,200.0,20.0
1.1,SL-8 / Kosmos-3M second stage,362,16726336698870182498,1,1,Clean,0.096510,0.000000,299.6593,299.6592,99.6593,200.0,20.0
1.1,SL-8 / Kosmos-3M second stage,362,16726336698870182498,2,2,BoundedClearing,0.188743,0.000000,220.4168,220.4172,20.4168,200.0,20.0
1.1,SL-8 / Kosmos-3M second stage,364,4865256894659147190,0,1,Clean,0.111715,0.000000,330.2682,330.2674,130.2682,200.0,20.0
1.1,SL-8 / Kosmos-3M second stage,366,2586197837166845319,1,1,Clean,0.034366,0.000000,330.2603,330.2602,130.2603,200.0,20.0
1.1,SL-8 / Kosmos-3M second stage,368,6795127308068956704,1,1,Clean,0.059317,0.000000,395.7322,395.7321,195.7322,200.0,20.0
1.1,SL-8 / Kosmos-3M second stage,370,9343166485609050894,3,1,Clean,0.018608,0.000000,376.2043,376.2041,176.2043,200.0,20.0
1.1,SL-8 / Kosmos-3M second stage,373,976750741634671585,3,1,Clean,0.057764,0.000000,344.2131,344.2130,144.2131,200.0,20.0
1.1,SL-8 / Kosmos-3M second stage,375,6225431565209995288,0,1,Clean,0.073404,0.000000,367.2309,367.2308,167.2309,200.0,20.0
1.1,SL-8 / Kosmos-3M second stage,376,14771489406251055397,1,1,Clean,0.034217,0.000000,362.0698,362.0693,162.0698,200.0,20.0
1.1,SL-8 / Kosmos-3M second stage,381,14523408968263384602,2,1,Clean,0.048484,0.000000,400.4550,400.4547,200.4550,200.0,20.0
1.1,SL-8 / Kosmos-3M second stage,382,6891597382954071827,1,1,Clean,0.050168,0.000000,328.3797,328.3792,128.3797,200.0,20.0
1.1,SL-8 / Kosmos-3M second stage,383,17317969328584411858,2,1,BoundedClearing,0.163586,0.000000,220.2168,220.2169,20.2168,200.0,20.0
1.1,SL-8 / Kosmos-3M second stage,385,423754639595545146,1,1,Clean,0.062142,0.000000,411.1352,411.1352,211.1352,200.0,20.0
1.1,SL-8 / Kosmos-3M second stage,388,13888477594958642166,2,1,Clean,0.210363,0.000000,242.1143,242.1141,42.1143,200.0,20.0
1.1,SL-8 / Kosmos-3M second stage,389,15314831859329937078,1,1,Clean,0.094364,0.000000,301.7743,301.7735,101.7743,200.0,20.0
1.1,SL-8 / Kosmos-3M second stage,391,15554791634300792783,2,1,Clean,0.056887,0.000000,380.2275,380.2275,180.2275,200.0,20.0
1.1,SL-8 / Kosmos-3M second stage,391,15554791634300792783,4,2,Clean,0.036037,0.000000,323.2589,323.2587,123.2589,200.0,20.0
1.1,SL-8 / Kosmos-3M second stage,392,1920345699307244436,2,1,Clean,0.072570,0.000000,355.8727,355.8726,155.8727,200.0,20.0
1.1,SL-8 / Kosmos-3M second stage,393,311385524570861719,0,1,Clean,0.075247,0.000000,311.0259,311.0253,111.0259,200.0,20.0
1.1,SL-8 / Kosmos-3M second stage,395,1680586034924422527,3,1,Clean,0.033572,0.000000,347.2792,347.2786,147.2792,200.0,20.0
1.1,SL-8 / Kosmos-3M second stage,396,15575802158067883620,3,1,Clean,0.052150,0.000000,378.6501,378.6501,178.6501,200.0,20.0
1.1,SL-8 / Kosmos-3M second stage,399,15885304884271589970,3,1,Clean,0.040816,0.000000,419.6507,419.6503,219.6507,200.0,20.0
1.1,SL-8 / Kosmos-3M second stage,405,8020996429876127194,1,1,Clean,0.046481,0.000000,401.1061,401.1060,201.1061,200.0,20.0
1.1,SL-8 / Kosmos-3M second stage,405,8020996429876127194,4,2,Clean,0.097935,0.000000,419.0680,419.0673,219.0680,200.0,20.0
1.1,SL-8 / Kosmos-3M second stage,406,16631369282459734811,1,1,Clean,0.063898,0.000000,297.7863,297.7854,97.7863,200.0,20.0
1.1,SL-8 / Kosmos-3M second stage,408,11705986833333830422,0,1,Clean,0.153256,0.000000,318.2406,318.2404,118.2406,200.0,20.0
1.1,SL-8 / Kosmos-3M second stage,408,11705986833333830422,3,2,Clean,0.112902,0.000000,320.4066,320.4058,120.4066,200.0,20.0
1.1,SL-8 / Kosmos-3M second stage,409,8996128086792457295,0,1,Clean,0.086109,0.000000,364.8729,364.8722,164.8729,200.0,20.0
1.1,SL-8 / Kosmos-3M second stage,411,15379455594483433493,0,1,Clean,0.063032,0.000000,246.3196,246.3195,46.3196,200.0,20.0
1.1,SL-8 / Kosmos-3M second stage,413,13717371617050168730,2,1,Clean,0.043871,0.000000,340.0733,340.0730,140.0733,200.0,20.0
1.1,SL-8 / Kosmos-3M second stage,415,3163256712079681174,0,1,Clean,0.095240,0.000000,325.1126,325.1118,125.1126,200.0,20.0
1.1,SL-8 / Kosmos-3M second stage,419,11210276304677366744,1,1,BoundedClearing,0.244006,0.000000,220.3780,220.3762,20.3780,200.0,20.0
1.1,SL-8 / Kosmos-3M second stage,422,18344767521843296594,0,1,Clean,0.042444,0.000000,339.5097,339.5097,139.5097,200.0,20.0
1.1,SL-8 / Kosmos-3M second stage,422,18344767521843296594,1,2,Clean,0.050173,0.000000,321.6197,321.6197,121.6197,200.0,20.0
1.1,SL-8 / Kosmos-3M second stage,422,18344767521843296594,4,3,Clean,0.064251,0.000000,410.6897,410.6895,210.6897,200.0,20.0
1.1,SL-8 / Kosmos-3M second stage,434,9501044747436044400,2,1,Clean,0.143956,0.000000,300.5999,300.5998,100.5999,200.0,20.0
1.1,SL-8 / Kosmos-3M second stage,435,10888292266671959763,0,1,Clean,0.113517,0.000000,348.6547,348.6538,148.6547,200.0,20.0
1.1,SL-8 / Kosmos-3M second stage,437,3207613763381319891,0,1,Clean,0.047133,0.000000,342.7407,342.7405,142.7407,200.0,20.0
1.1,SL-8 / Kosmos-3M second stage,437,3207613763381319891,4,2,Clean,0.026654,0.000000,372.4651,372.4648,172.4651,200.0,20.0
1.1,SL-8 / Kosmos-3M second stage,440,2564330452536715311,1,1,Clean,0.102740,0.000000,384.8938,384.8937,184.8938,200.0,20.0
1.1,SL-8 / Kosmos-3M second stage,443,2478983956729781264,2,1,Clean,0.027577,0.000000,466.7979,466.7979,266.7979,200.0,20.0
1.1,SL-8 / Kosmos-3M second stage,445,11458618361629542913,0,1,Clean,0.089517,0.000000,311.7986,311.7986,111.7986,200.0,20.0
1.1,SL-8 / Kosmos-3M second stage,446,14053302018140940783,1,1,Clean,0.031140,0.000000,399.6334,399.6334,199.6334,200.0,20.0
1.1,SL-8 / Kosmos-3M second stage,448,11746509105536401129,0,1,Clean,0.038415,0.000000,354.6007,354.6006,154.6007,200.0,20.0
1.1,SL-8 / Kosmos-3M second stage,448,11746509105536401129,2,2,Clean,0.174390,0.000000,251.5278,251.5276,51.5278,200.0,20.0
1.1,SL-8 / Kosmos-3M second stage,448,11746509105536401129,3,3,Clean,0.108987,0.000000,336.1960,336.1959,136.1960,200.0,20.0
1.1,SL-8 / Kosmos-3M second stage,449,15994535783470327018,2,1,Clean,0.144051,0.000000,265.5458,265.5457,65.5458,200.0,20.0
1.1,SL-8 / Kosmos-3M second stage,449,15994535783470327018,3,2,Clean,0.090646,0.000000,298.0012,298.0002,98.0012,200.0,20.0
1.1,SL-8 / Kosmos-3M second stage,450,16692276091264875797,0,1,Clean,0.038455,0.000000,364.9356,364.9356,164.9356,200.0,20.0
1.1,SL-8 / Kosmos-3M second stage,450,16692276091264875797,2,2,Clean,0.017835,0.000000,365.6853,365.6853,165.6853,200.0,20.0
1.1,SL-8 / Kosmos-3M second stage,451,11805021321958899306,0,1,Clean,0.013663,0.000000,362.8362,362.8359,162.8362,200.0,20.0
1.1,SL-8 / Kosmos-3M second stage,451,11805021321958899306,3,2,Clean,0.028339,0.000000,412.6039,412.6039,212.6039,200.0,20.0
1.1,SL-8 / Kosmos-3M second stage,452,15125481261882623231,0,1,Clean,0.041973,0.000000,404.3499,404.3499,204.3499,200.0,20.0
1.1,SL-8 / Kosmos-3M second stage,454,16655337643411388374,2,1,Clean,0.066455,0.000000,283.4535,283.4535,83.4535,200.0,20.0
1.1,SL-8 / Kosmos-3M second stage,455,13411832949941663873,1,1,Clean,0.057372,0.000000,372.1028,372.1027,172.1028,200.0,20.0
1.1,SL-8 / Kosmos-3M second stage,455,13411832949941663873,4,2,Clean,0.086018,0.000000,316.9486,316.9485,116.9486,200.0,20.0
1.1,SL-8 / Kosmos-3M second stage,456,1848247881426428277,0,1,Clean,0.080360,0.000000,351.9927,351.9921,151.9927,200.0,20.0
1.1,SL-8 / Kosmos-3M second stage,456,1848247881426428277,2,2,Clean,0.049880,0.000000,345.1591,345.1591,145.1591,200.0,20.0
1.1,SL-8 / Kosmos-3M second stage,457,4813182154191394252,1,1,Clean,0.090264,0.000000,366.0799,366.0793,166.0799,200.0,20.0
1.1,SL-8 / Kosmos-3M second stage,459,17960245334614078505,1,1,Clean,0.031596,0.000000,380.9215,380.9214,180.9215,200.0,20.0
1.1,SL-8 / Kosmos-3M second stage,459,17960245334614078505,3,2,Clean,0.030537,0.000000,364.9929,364.9928,164.9929,200.0,20.0
1.1,SL-8 / Kosmos-3M second stage,462,11962202882205677485,0,1,Clean,0.124362,0.000000,265.6357,265.6348,65.6357,200.0,20.0
1.1,SL-8 / Kosmos-3M second stage,464,17109699390268347697,3,1,Clean,0.035552,0.000000,344.1905,344.1905,144.1905,200.0,20.0
1.1,SL-8 / Kosmos-3M second stage,465,13200548604059410604,2,1,Clean,0.077316,0.000000,368.3601,368.3601,168.3601,200.0,20.0
1.1,SL-8 / Kosmos-3M second stage,467,8643072012205184183,3,1,Clean,0.023651,0.000000,317.4403,317.4401,117.4403,200.0,20.0
1.1,SL-8 / Kosmos-3M second stage,468,2475707646000233706,2,1,Clean,0.095597,0.000000,380.8362,380.8361,180.8362,200.0,20.0
1.1,SL-8 / Kosmos-3M second stage,468,2475707646000233706,4,2,Clean,0.131096,0.000000,343.7020,343.7018,143.7020,200.0,20.0
1.1,SL-8 / Kosmos-3M second stage,469,12896641041417437382,3,1,Clean,0.086927,0.000000,304.8033,304.8032,104.8033,200.0,20.0
1.1,SL-8 / Kosmos-3M second stage,471,4023536436070003421,3,1,Clean,0.054789,0.000000,311.4886,311.4886,111.4886,200.0,20.0
1.1,SL-8 / Kosmos-3M second stage,474,3568468696451590219,0,1,Clean,0.048025,0.000000,371.8052,371.8051,171.8052,200.0,20.0
1.1,SL-8 / Kosmos-3M second stage,478,1883602344442596962,0,1,BoundedClearing,0.107664,0.000000,220.0170,220.0168,20.0170,200.0,20.0
1.1,SL-8 / Kosmos-3M second stage,480,24803468987468843,1,1,Clean,0.093473,0.000000,311.5649,311.5643,111.5649,200.0,20.0
1.1,SL-8 / Kosmos-3M second stage,480,24803468987468843,3,2,Clean,0.100385,0.000000,278.7224,278.7223,78.7224,200.0,20.0
1.1,SL-8 / Kosmos-3M second stage,480,24803468987468843,4,3,Clean,0.092034,0.000000,347.2196,347.2195,147.2196,200.0,20.0
1.1,SL-8 / Kosmos-3M second stage,482,4655930540055874147,1,1,Clean,0.125887,0.000000,347.0394,347.0392,147.0394,200.0,20.0
1.1,SL-8 / Kosmos-3M second stage,483,13238759384065822544,2,1,Clean,0.136523,0.000000,349.1238,349.1229,149.1238,200.0,20.0
1.1,SL-8 / Kosmos-3M second stage,484,4476311693927594208,0,1,Clean,0.095051,0.000000,265.8542,265.8541,65.8542,200.0,20.0
1.1,SL-8 / Kosmos-3M second stage,485,6070951498353639584,2,1,Clean,0.078430,0.000000,277.9312,277.9311,77.9312,200.0,20.0
1.1,SL-8 / Kosmos-3M second stage,487,11580267478923445377,3,1,Clean,0.045323,0.000000,399.0868,399.0865,199.0868,200.0,20.0
1.1,SL-8 / Kosmos-3M second stage,488,10935227146630753879,2,1,Clean,0.104996,0.000000,305.2780,305.2779,105.2780,200.0,20.0
1.1,SL-8 / Kosmos-3M second stage,492,14224082776675791355,3,1,Clean,0.139153,0.000000,300.8634,300.8633,100.8634,200.0,20.0
1.1,SL-8 / Kosmos-3M second stage,494,12066895935832420845,3,1,Clean,0.030986,0.000000,393.9236,393.9232,193.9236,200.0,20.0
